jsic	unified_id	reason
A	UNI-6d1dd79794	cap_per_jsic
A	UNI-6e86594c93	cap_per_jsic
A	UNI-732c12e892	cap_per_jsic
A	UNI-7386185029	cap_per_jsic
A	UNI-78a310aa2b	cap_per_jsic
A	UNI-7c0cdbabe1	cap_per_jsic
A	UNI-7d1ec582a9	cap_per_jsic
A	UNI-7d9a42d079	cap_per_jsic
A	UNI-7fb599da8e	cap_per_jsic
A	UNI-81c7fb2813	cap_per_jsic
A	UNI-82027555c8	cap_per_jsic
A	UNI-866124907c	cap_per_jsic
A	UNI-8886896d67	cap_per_jsic
A	UNI-89753ecac5	cap_per_jsic
A	UNI-8fc7acd2eb	cap_per_jsic
A	UNI-8ff4d2714c	cap_per_jsic
A	UNI-911aaf8dbc	cap_per_jsic
A	UNI-93d45d06e6	cap_per_jsic
A	UNI-96c55bf66c	cap_per_jsic
A	UNI-97d0f28956	cap_per_jsic
A	UNI-9be753fd52	cap_per_jsic
A	UNI-9e04754fb6	cap_per_jsic
A	UNI-9f0c6dcfd1	cap_per_jsic
A	UNI-a02e37553e	cap_per_jsic
A	UNI-aad3e0e22b	cap_per_jsic
A	UNI-b343d1edfd	cap_per_jsic
A	UNI-b37fa76f3e	cap_per_jsic
A	UNI-b81b2cd7e4	cap_per_jsic
A	UNI-b8c88bc151	cap_per_jsic
A	UNI-bad619a29b	cap_per_jsic
A	UNI-c6c02ca8cc	cap_per_jsic
A	UNI-c8f01ac173	cap_per_jsic
A	UNI-ccf830708b	cap_per_jsic
A	UNI-ce94681962	cap_per_jsic
A	UNI-d304ed2b1f	cap_per_jsic
A	UNI-d41a8e6c0b	cap_per_jsic
A	UNI-d4a0f5ab8e	cap_per_jsic
A	UNI-d554b111ee	cap_per_jsic
A	UNI-d8f344cf50	cap_per_jsic
A	UNI-d911ff94f4	cap_per_jsic
A	UNI-da20b144ae	cap_per_jsic
A	UNI-e21fb1c6ba	cap_per_jsic
A	UNI-e392a5b3a4	cap_per_jsic
A	UNI-e6e008e0bf	cap_per_jsic
A	UNI-e6e3de9732	cap_per_jsic
A	UNI-e78555b434	cap_per_jsic
A	UNI-e8a7d0ff5a	cap_per_jsic
A	UNI-ee27f81971	cap_per_jsic
A	UNI-ext-2c55be6618	cap_per_jsic
A	UNI-ext-42209dc91d	cap_per_jsic
A	UNI-ext-4a8796bb81	cap_per_jsic
A	UNI-ext-57849207ab	cap_per_jsic
A	UNI-ext-6117c98df0	cap_per_jsic
A	UNI-ext-65f7675977	cap_per_jsic
A	UNI-ext-66350d6550	cap_per_jsic
A	UNI-ext-71e44b8b50	cap_per_jsic
A	UNI-ext-815c249831	cap_per_jsic
A	UNI-ext-889eac93eb	cap_per_jsic
A	UNI-ext-9c2f0f0b09	cap_per_jsic
A	UNI-ext-9f26644324	cap_per_jsic
A	UNI-ext-a5d019db31	cap_per_jsic
A	UNI-ext-b47cc776a8	cap_per_jsic
A	UNI-ext-c57a6bf0e1	cap_per_jsic
A	UNI-ext-d7d16347f7	cap_per_jsic
A	UNI-ext-d9106216b9	cap_per_jsic
A	UNI-ext-e8bd0ab83d	cap_per_jsic
A	UNI-ext-ed99865007	cap_per_jsic
A	UNI-fc5dc66202	cap_per_jsic
A	UNI-ffc8ad09c4	cap_per_jsic
A	UNI-ffd0553692	cap_per_jsic
A	UNI-ffdb51bf7a	cap_per_jsic
A	UNI-070a873b17	cap_per_jsic
A	UNI-2c8a1bd737	cap_per_jsic
A	UNI-308f12c387	cap_per_jsic
A	UNI-353e8af77b	cap_per_jsic
A	UNI-353ed5c483	cap_per_jsic
A	UNI-6526ce35b8	cap_per_jsic
A	UNI-7694aecbfa	cap_per_jsic
A	UNI-8a4ad7626a	cap_per_jsic
A	UNI-99dd1e92c2	cap_per_jsic
A	UNI-b7bf996f89	cap_per_jsic
A	UNI-cfb34382d7	cap_per_jsic
A	UNI-dda0a461ed	cap_per_jsic
A	UNI-e687b41b7c	cap_per_jsic
A	UNI-c687cd3d38	cap_per_jsic
A	UNI-dee6e56d9d	cap_per_jsic
A	UNI-ff7c9209ad	cap_per_jsic
A	UNI-3fc2065c02	cap_per_jsic
A	UNI-4b5aeee648	cap_per_jsic
A	UNI-4f6a74ab7f	cap_per_jsic
A	UNI-aa9176575a	cap_per_jsic
A	UNI-14e1c10de9	cap_per_jsic
A	UNI-194743d166	cap_per_jsic
A	UNI-1b3a29d96d	cap_per_jsic
A	UNI-4349caab22	cap_per_jsic
A	UNI-661d65d38c	cap_per_jsic
A	UNI-737d1d672a	cap_per_jsic
A	UNI-b73683dbed	cap_per_jsic
A	UNI-31ac459a96	cap_per_jsic
A	UNI-413dc20825	cap_per_jsic
A	UNI-42178b8580	cap_per_jsic
A	UNI-4399934109	cap_per_jsic
A	UNI-702c5b6c71	cap_per_jsic
A	UNI-7f394b7dce	cap_per_jsic
A	UNI-8a821ca7b2	cap_per_jsic
A	UNI-c7beba818e	cap_per_jsic
A	UNI-d8df7fa418	cap_per_jsic
A	UNI-fa9236fd3c	cap_per_jsic
A	UNI-06f7e4daa6	cap_per_jsic
A	UNI-0a2560819f	cap_per_jsic
A	UNI-0b76156ae8	cap_per_jsic
A	UNI-0df07307b7	cap_per_jsic
A	UNI-117e3cc95b	cap_per_jsic
A	UNI-11c402226f	cap_per_jsic
A	UNI-1238e399b1	cap_per_jsic
A	UNI-17f7f0f78f	cap_per_jsic
A	UNI-1af7909f84	cap_per_jsic
A	UNI-2293683c44	cap_per_jsic
A	UNI-2637ad1bf5	cap_per_jsic
A	UNI-2b30ba5be2	cap_per_jsic
A	UNI-2d05512a7c	cap_per_jsic
A	UNI-304c56b181	cap_per_jsic
A	UNI-34ed7da416	cap_per_jsic
A	UNI-38bf7a3d83	cap_per_jsic
A	UNI-3c06edf9cb	cap_per_jsic
A	UNI-3c9a1764ff	cap_per_jsic
A	UNI-3cabad720a	cap_per_jsic
A	UNI-4022826106	cap_per_jsic
A	UNI-417ab7b2ea	cap_per_jsic
A	UNI-4e19e57abe	cap_per_jsic
A	UNI-4ed13f56b6	cap_per_jsic
A	UNI-5a998fb749	cap_per_jsic
A	UNI-5b41823207	cap_per_jsic
A	UNI-5bad16e6df	cap_per_jsic
A	UNI-64003b1154	cap_per_jsic
A	UNI-64ff795af0	cap_per_jsic
A	UNI-6a551d0069	cap_per_jsic
A	UNI-6b47735609	cap_per_jsic
A	UNI-6f14472512	cap_per_jsic
A	UNI-71f5dbb96b	cap_per_jsic
A	UNI-803469a07f	cap_per_jsic
A	UNI-83612e0faa	cap_per_jsic
A	UNI-874eef2bbb	cap_per_jsic
A	UNI-8c39155f47	cap_per_jsic
A	UNI-925a087aa0	cap_per_jsic
A	UNI-9759c5fe32	cap_per_jsic
A	UNI-98adec2840	cap_per_jsic
A	UNI-98ea79163c	cap_per_jsic
A	UNI-9943b00251	cap_per_jsic
A	UNI-a1426350a6	cap_per_jsic
A	UNI-a2d06dc900	cap_per_jsic
A	UNI-a37eb11a28	cap_per_jsic
A	UNI-a400032e40	cap_per_jsic
A	UNI-ab8031a302	cap_per_jsic
A	UNI-b088b3c92f	cap_per_jsic
A	UNI-bb460973bf	cap_per_jsic
A	UNI-bd1d06836a	cap_per_jsic
A	UNI-c2acc4d0c9	cap_per_jsic
A	UNI-c5f7860e2c	cap_per_jsic
A	UNI-c7e794ee14	cap_per_jsic
A	UNI-cdc2f5eaff	cap_per_jsic
A	UNI-d06881f7d6	cap_per_jsic
A	UNI-d0ed82d54c	cap_per_jsic
A	UNI-dd1d17fa52	cap_per_jsic
A	UNI-df3bffaa2e	cap_per_jsic
A	UNI-e148b050e8	cap_per_jsic
A	UNI-e21db63ab9	cap_per_jsic
A	UNI-e3173621ed	cap_per_jsic
A	UNI-e3c2a79051	cap_per_jsic
A	UNI-f49c750999	cap_per_jsic
A	UNI-f638b71903	cap_per_jsic
A	UNI-f880d0eb7b	cap_per_jsic
A	UNI-fe3861382a	cap_per_jsic
A	UNI-1732834b06	cap_per_jsic
A	UNI-3fc6fe6d6f	cap_per_jsic
A	UNI-9a2efc550f	cap_per_jsic
A	UNI-000e562f2a	cap_per_jsic
A	UNI-00ff270951	cap_per_jsic
A	UNI-010ae00927	cap_per_jsic
A	UNI-01b53bde83	cap_per_jsic
A	UNI-01c92b01c8	cap_per_jsic
A	UNI-02d664bff5	cap_per_jsic
A	UNI-042f742d2d	cap_per_jsic
A	UNI-0454e34b5d	cap_per_jsic
A	UNI-04b5d2a6b5	cap_per_jsic
A	UNI-05248dda19	cap_per_jsic
A	UNI-06107c24ff	cap_per_jsic
A	UNI-07fe7099e5	cap_per_jsic
A	UNI-084eb1fa1c	cap_per_jsic
A	UNI-088077dc45	cap_per_jsic
A	UNI-096fd44ec6	cap_per_jsic
A	UNI-0a44e09275	cap_per_jsic
A	UNI-0a85254e60	cap_per_jsic
A	UNI-0bcaabeaa6	cap_per_jsic
A	UNI-0c120fe149	cap_per_jsic
A	UNI-0ca11edbf2	cap_per_jsic
A	UNI-0ce79581b1	cap_per_jsic
A	UNI-0e1a9da04b	cap_per_jsic
A	UNI-0e3b194d66	cap_per_jsic
A	UNI-0e544b8de3	cap_per_jsic
A	UNI-0f27e3b4f3	cap_per_jsic
A	UNI-10adcceb43	cap_per_jsic
A	UNI-10bca6eefa	cap_per_jsic
A	UNI-10cf9caf85	cap_per_jsic
A	UNI-11132fcb80	cap_per_jsic
A	UNI-115d4d11c7	cap_per_jsic
A	UNI-1196d6c653	cap_per_jsic
A	UNI-119e67c23a	cap_per_jsic
A	UNI-11d147cc4e	cap_per_jsic
A	UNI-11e1aeceb3	cap_per_jsic
A	UNI-128b54d2b4	cap_per_jsic
A	UNI-129bba5b1b	cap_per_jsic
A	UNI-13eceadddd	cap_per_jsic
A	UNI-13fe5574b4	cap_per_jsic
A	UNI-145ac22d32	cap_per_jsic
A	UNI-14c5eb1b1a	cap_per_jsic
A	UNI-16270aa9ce	cap_per_jsic
A	UNI-17a9a0ecf0	cap_per_jsic
A	UNI-17d430ad3e	cap_per_jsic
A	UNI-18b2c8ed93	cap_per_jsic
A	UNI-1928b52746	cap_per_jsic
A	UNI-19639ffaff	cap_per_jsic
A	UNI-19a4438d1f	cap_per_jsic
A	UNI-1a124eef77	cap_per_jsic
A	UNI-1ada86d27f	cap_per_jsic
A	UNI-1af8acba11	cap_per_jsic
A	UNI-1bdf7310d4	cap_per_jsic
A	UNI-1cc4d8f5d3	cap_per_jsic
A	UNI-1d53285267	cap_per_jsic
A	UNI-1daeec0103	cap_per_jsic
A	UNI-1de7c0f336	cap_per_jsic
A	UNI-1ea510f9db	cap_per_jsic
A	UNI-1f4ed35b41	cap_per_jsic
A	UNI-1f7b8a20a0	cap_per_jsic
A	UNI-21fc472c58	cap_per_jsic
A	UNI-221c690f68	cap_per_jsic
A	UNI-22fe8581f4	cap_per_jsic
A	UNI-2422ac1db7	cap_per_jsic
A	UNI-261e271cf6	cap_per_jsic
A	UNI-26fd2166ca	cap_per_jsic
A	UNI-280b86874c	cap_per_jsic
A	UNI-281d94e33d	cap_per_jsic
A	UNI-28365e726b	cap_per_jsic
A	UNI-2881f41cf2	cap_per_jsic
A	UNI-2a59db0f07	cap_per_jsic
A	UNI-2accde9202	cap_per_jsic
A	UNI-2b5576c6db	cap_per_jsic
A	UNI-2c6d362599	cap_per_jsic
A	UNI-2d0cd4dcc1	cap_per_jsic
A	UNI-2d50184850	cap_per_jsic
A	UNI-2dd4b7f09a	cap_per_jsic
A	UNI-2de381260a	cap_per_jsic
A	UNI-2ecac893de	cap_per_jsic
A	UNI-2f6d52eb14	cap_per_jsic
A	UNI-2f8abf935f	cap_per_jsic
A	UNI-2f91c72a9c	cap_per_jsic
A	UNI-31c65dfe9a	cap_per_jsic
A	UNI-31d4d7e649	cap_per_jsic
A	UNI-32774f479b	cap_per_jsic
A	UNI-3464232141	cap_per_jsic
A	UNI-35886e029a	cap_per_jsic
A	UNI-3620266d1c	cap_per_jsic
A	UNI-36e5daa9c3	cap_per_jsic
A	UNI-36ffc461ee	cap_per_jsic
A	UNI-378b7f4028	cap_per_jsic
A	UNI-382f080d65	cap_per_jsic
A	UNI-38748f296c	cap_per_jsic
A	UNI-38e7167472	cap_per_jsic
A	UNI-399ff904ff	cap_per_jsic
A	UNI-39c6074f5c	cap_per_jsic
A	UNI-3a034ac287	cap_per_jsic
A	UNI-3a6bd9dafd	cap_per_jsic
A	UNI-3a93114323	cap_per_jsic
A	UNI-3aca00e254	cap_per_jsic
A	UNI-3b395ac2bf	cap_per_jsic
A	UNI-3b69b9ef3c	cap_per_jsic
A	UNI-3b70294506	cap_per_jsic
A	UNI-3bb297117c	cap_per_jsic
A	UNI-3bee0912de	cap_per_jsic
A	UNI-3d2215f7ac	cap_per_jsic
A	UNI-3d3d5b3f06	cap_per_jsic
A	UNI-3d671e42a4	cap_per_jsic
A	UNI-3f7dab6303	cap_per_jsic
A	UNI-3fd7e5909a	cap_per_jsic
A	UNI-427e708672	cap_per_jsic
A	UNI-44d12fd531	cap_per_jsic
A	UNI-44ff41e896	cap_per_jsic
A	UNI-45da2a2edc	cap_per_jsic
A	UNI-480a17caa4	cap_per_jsic
A	UNI-49240dc5c1	cap_per_jsic
A	UNI-4992cc3275	cap_per_jsic
A	UNI-49f8d9011b	cap_per_jsic
A	UNI-4be2af7063	cap_per_jsic
A	UNI-4c5d982c42	cap_per_jsic
A	UNI-4c61419b8e	cap_per_jsic
A	UNI-4c7ed98659	cap_per_jsic
A	UNI-4ca7c8a463	cap_per_jsic
A	UNI-4d9fc07b7f	cap_per_jsic
A	UNI-4ddc25208f	cap_per_jsic
A	UNI-4df99260fc	cap_per_jsic
A	UNI-4dfd2645e6	cap_per_jsic
A	UNI-4e69acc81f	cap_per_jsic
A	UNI-507dcb7cb7	cap_per_jsic
A	UNI-5084727154	cap_per_jsic
A	UNI-50d1f58682	cap_per_jsic
A	UNI-5204704513	cap_per_jsic
A	UNI-5593da14f9	cap_per_jsic
A	UNI-5630a731dd	cap_per_jsic
A	UNI-565d94de33	cap_per_jsic
A	UNI-569342a09b	cap_per_jsic
A	UNI-58573f89e9	cap_per_jsic
A	UNI-589881c4ea	cap_per_jsic
A	UNI-5ad5410d5a	cap_per_jsic
A	UNI-5afa94d9aa	cap_per_jsic
A	UNI-5bdf23f600	cap_per_jsic
A	UNI-5cb4538235	cap_per_jsic
A	UNI-5dc07be543	cap_per_jsic
A	UNI-5e2d869ec2	cap_per_jsic
A	UNI-5e6a099c2c	cap_per_jsic
A	UNI-5e9dde0f29	cap_per_jsic
A	UNI-5efdda7b2a	cap_per_jsic
A	UNI-6033d5a1b3	cap_per_jsic
A	UNI-60a1c50506	cap_per_jsic
A	UNI-62fe9cc507	cap_per_jsic
A	UNI-6336d70def	cap_per_jsic
A	UNI-6498556456	cap_per_jsic
A	UNI-64e5d2b928	cap_per_jsic
A	UNI-65c2b50259	cap_per_jsic
A	UNI-661413788b	cap_per_jsic
A	UNI-66a8d9ab84	cap_per_jsic
A	UNI-66fc899a93	cap_per_jsic
A	UNI-6728931e85	cap_per_jsic
A	UNI-67b655ffb3	cap_per_jsic
A	UNI-680302ee1d	cap_per_jsic
A	UNI-6858007e63	cap_per_jsic
A	UNI-687b0b07cc	cap_per_jsic
A	UNI-68c38bde95	cap_per_jsic
A	UNI-68d1617738	cap_per_jsic
A	UNI-68e5b6babf	cap_per_jsic
A	UNI-6ab2896824	cap_per_jsic
A	UNI-6b98c7c054	cap_per_jsic
A	UNI-6b9c455eab	cap_per_jsic
A	UNI-6bcafbb872	cap_per_jsic
A	UNI-6c89a9657c	cap_per_jsic
A	UNI-6d7a333e12	cap_per_jsic
A	UNI-6e1f8e479b	cap_per_jsic
A	UNI-7042297e76	cap_per_jsic
A	UNI-71ac902b98	cap_per_jsic
A	UNI-71c0751f1e	cap_per_jsic
A	UNI-71ff012043	cap_per_jsic
A	UNI-72ed5898be	cap_per_jsic
A	UNI-72f0b32833	cap_per_jsic
A	UNI-7356ca799b	cap_per_jsic
A	UNI-776497a0f7	cap_per_jsic
A	UNI-7835470fa9	cap_per_jsic
A	UNI-783927918a	cap_per_jsic
A	UNI-78e4346aff	cap_per_jsic
A	UNI-7988f82ea5	cap_per_jsic
A	UNI-79d42b4d14	cap_per_jsic
A	UNI-7a5cb73bcd	cap_per_jsic
A	UNI-7d21e6dd82	cap_per_jsic
A	UNI-7d965abe51	cap_per_jsic
A	UNI-7db0e44aa1	cap_per_jsic
A	UNI-7df9633215	cap_per_jsic
A	UNI-80b2e2ab05	cap_per_jsic
A	UNI-80c9f85a35	cap_per_jsic
A	UNI-810e772e51	cap_per_jsic
A	UNI-81b26fcfb6	cap_per_jsic
A	UNI-8257e69979	cap_per_jsic
A	UNI-8290cc72f4	cap_per_jsic
A	UNI-8332c060e1	cap_per_jsic
A	UNI-83b80705d1	cap_per_jsic
A	UNI-8488eebe8f	cap_per_jsic
A	UNI-85dcae0920	cap_per_jsic
A	UNI-86455cd409	cap_per_jsic
A	UNI-8646b12e5d	cap_per_jsic
A	UNI-866d782025	cap_per_jsic
A	UNI-86ebd95e40	cap_per_jsic
A	UNI-8725bb79c9	cap_per_jsic
A	UNI-889063bde0	cap_per_jsic
A	UNI-88bf7437e1	cap_per_jsic
A	UNI-8986d28855	cap_per_jsic
A	UNI-8b3089e954	cap_per_jsic
A	UNI-8b40dd9f9c	cap_per_jsic
A	UNI-8c205b438f	cap_per_jsic
A	UNI-8c901ed391	cap_per_jsic
A	UNI-8cc2864e5f	cap_per_jsic
A	UNI-8f40ac1945	cap_per_jsic
A	UNI-8f67a1bf67	cap_per_jsic
A	UNI-8fc6e8c8e5	cap_per_jsic
A	UNI-8ffb239583	cap_per_jsic
A	UNI-9046f19707	cap_per_jsic
A	UNI-910ea3ec66	cap_per_jsic
A	UNI-927caad0b3	cap_per_jsic
A	UNI-928d0355f1	cap_per_jsic
A	UNI-929447714e	cap_per_jsic
A	UNI-92ae1dd76a	cap_per_jsic
A	UNI-92f059e40c	cap_per_jsic
A	UNI-9302f81f96	cap_per_jsic
A	UNI-95d91bf894	cap_per_jsic
A	UNI-970e5359fa	cap_per_jsic
A	UNI-972f443c2b	cap_per_jsic
A	UNI-978f6e1aab	cap_per_jsic
A	UNI-97ba796091	cap_per_jsic
A	UNI-98a2e018f0	cap_per_jsic
A	UNI-98dccad72c	cap_per_jsic
A	UNI-9995abc250	cap_per_jsic
A	UNI-9a627d8766	cap_per_jsic
A	UNI-9a94d829f8	cap_per_jsic
A	UNI-9ba48a5340	cap_per_jsic
A	UNI-9c8bd7c877	cap_per_jsic
A	UNI-9efbd55881	cap_per_jsic
A	UNI-9f47565b00	cap_per_jsic
A	UNI-9f77555fee	cap_per_jsic
A	UNI-a01021f17e	cap_per_jsic
A	UNI-a01f3fbd70	cap_per_jsic
A	UNI-a144d2dbba	cap_per_jsic
A	UNI-a15524d0ce	cap_per_jsic
A	UNI-a18c52e8df	cap_per_jsic
A	UNI-a4da1563af	cap_per_jsic
A	UNI-a4f9b35dca	cap_per_jsic
A	UNI-a524712e48	cap_per_jsic
A	UNI-a53cca0c11	cap_per_jsic
A	UNI-a56aad1851	cap_per_jsic
A	UNI-a602c3f3c3	cap_per_jsic
A	UNI-a820df973d	cap_per_jsic
A	UNI-a8baaeafdb	cap_per_jsic
A	UNI-a968f5cc07	cap_per_jsic
A	UNI-a99c644374	cap_per_jsic
A	UNI-a9ad39cae9	cap_per_jsic
A	UNI-a9c0fe3247	cap_per_jsic
A	UNI-aa6f8b86ba	cap_per_jsic
A	UNI-aab8ee05cc	cap_per_jsic
A	UNI-aae434c499	cap_per_jsic
A	UNI-abee615a38	cap_per_jsic
A	UNI-ac7849e69f	cap_per_jsic
A	UNI-acc03a349f	cap_per_jsic
A	UNI-ae0a942f3d	cap_per_jsic
A	UNI-ae51797e4f	cap_per_jsic
A	UNI-af1d814de1	cap_per_jsic
A	UNI-b030a81f37	cap_per_jsic
A	UNI-b05be62c1c	cap_per_jsic
A	UNI-b12b40621c	cap_per_jsic
A	UNI-b14c52a96e	cap_per_jsic
A	UNI-b183722866	cap_per_jsic
A	UNI-b1c74092e5	cap_per_jsic
A	UNI-b28b190b65	cap_per_jsic
A	UNI-b34e30e6eb	cap_per_jsic
A	UNI-b37b9497a3	cap_per_jsic
A	UNI-b37fad391c	cap_per_jsic
A	UNI-b3cdb9e9f2	cap_per_jsic
A	UNI-b47db35e59	cap_per_jsic
A	UNI-b5e9e971aa	cap_per_jsic
A	UNI-b60c7889bb	cap_per_jsic
A	UNI-b63bc1d900	cap_per_jsic
A	UNI-b643396c55	cap_per_jsic
A	UNI-b701626601	cap_per_jsic
A	UNI-b73cfe10f5	cap_per_jsic
A	UNI-b88a641530	cap_per_jsic
A	UNI-b93cd1745c	cap_per_jsic
A	UNI-b965650e01	cap_per_jsic
A	UNI-b988a9a27d	cap_per_jsic
A	UNI-b9f08d47fa	cap_per_jsic
A	UNI-ba146bd376	cap_per_jsic
A	UNI-ba197ec072	cap_per_jsic
A	UNI-ba42c55bec	cap_per_jsic
A	UNI-baaff25f44	cap_per_jsic
A	UNI-bb58a75c1e	cap_per_jsic
A	UNI-bea474dc71	cap_per_jsic
A	UNI-c2487fe9d6	cap_per_jsic
A	UNI-c2fb486bd4	cap_per_jsic
A	UNI-c46533e088	cap_per_jsic
A	UNI-c575eb4d27	cap_per_jsic
A	UNI-c577b9afd9	cap_per_jsic
A	UNI-c6f24a040e	cap_per_jsic
A	UNI-c7346d2d7c	cap_per_jsic
A	UNI-c73c1a1fb8	cap_per_jsic
A	UNI-c759178554	cap_per_jsic
A	UNI-c86c3297b9	cap_per_jsic
A	UNI-c993a94cc6	cap_per_jsic
A	UNI-ca611ba14c	cap_per_jsic
A	UNI-ca8684b9d0	cap_per_jsic
A	UNI-cab4b84a48	cap_per_jsic
A	UNI-cceeac0ede	cap_per_jsic
A	UNI-cd6a477920	cap_per_jsic
A	UNI-cfae4f8fa4	cap_per_jsic
A	UNI-d0441b64a2	cap_per_jsic
A	UNI-d251cb9f06	cap_per_jsic
A	UNI-d2848979d9	cap_per_jsic
A	UNI-d4b4a0d445	cap_per_jsic
A	UNI-d669bbc4e5	cap_per_jsic
A	UNI-d67c2a594d	cap_per_jsic
A	UNI-d7123e064d	cap_per_jsic
A	UNI-d733cbf243	cap_per_jsic
A	UNI-d79c2affc6	cap_per_jsic
A	UNI-d7c7d6e776	cap_per_jsic
A	UNI-d94a20a290	cap_per_jsic
A	UNI-db379afd0b	cap_per_jsic
A	UNI-dbd22df2c5	cap_per_jsic
A	UNI-dc2cb6b66e	cap_per_jsic
A	UNI-dcf3923577	cap_per_jsic
A	UNI-dd142f65dd	cap_per_jsic
A	UNI-dd5dc45313	cap_per_jsic
A	UNI-df84c9fe64	cap_per_jsic
A	UNI-e02718d80d	cap_per_jsic
A	UNI-e052daf356	cap_per_jsic
A	UNI-e095cbf88a	cap_per_jsic
A	UNI-e096089422	cap_per_jsic
A	UNI-e1bd109315	cap_per_jsic
A	UNI-e2563a2d05	cap_per_jsic
A	UNI-e32193eb8e	cap_per_jsic
A	UNI-e32cb6b0e2	cap_per_jsic
A	UNI-e3e6ae5184	cap_per_jsic
A	UNI-e49b9d821e	cap_per_jsic
A	UNI-e6e7191788	cap_per_jsic
A	UNI-e709a090e7	cap_per_jsic
A	UNI-e95640c3e9	cap_per_jsic
A	UNI-ea0788c345	cap_per_jsic
A	UNI-ea8380ab57	cap_per_jsic
A	UNI-eb5eb17427	cap_per_jsic
A	UNI-eb6aef0d09	cap_per_jsic
A	UNI-ecd39f4f59	cap_per_jsic
A	UNI-ecf3615e7a	cap_per_jsic
A	UNI-ee3479a7d7	cap_per_jsic
A	UNI-ee7c124aeb	cap_per_jsic
A	UNI-eeb1d5fa2c	cap_per_jsic
A	UNI-eec62a5d20	cap_per_jsic
A	UNI-ef4beca937	cap_per_jsic
A	UNI-f0e5331c35	cap_per_jsic
A	UNI-f27175ea1f	cap_per_jsic
A	UNI-f36b6f29a1	cap_per_jsic
A	UNI-f3d57eb5b3	cap_per_jsic
A	UNI-f4350b5869	cap_per_jsic
A	UNI-f4a4b0ac58	cap_per_jsic
A	UNI-f4b92244df	cap_per_jsic
A	UNI-f50d581d71	cap_per_jsic
A	UNI-f66ffa510e	cap_per_jsic
A	UNI-f68a11363b	cap_per_jsic
A	UNI-f7320db696	cap_per_jsic
A	UNI-f816b58fc0	cap_per_jsic
A	UNI-f9295e664f	cap_per_jsic
A	UNI-f96e24e307	cap_per_jsic
A	UNI-fa39606d87	cap_per_jsic
A	UNI-fabdd7bd26	cap_per_jsic
A	UNI-fc3c58134c	cap_per_jsic
A	UNI-fd857d79c2	cap_per_jsic
A	UNI-fdd2aa73b3	cap_per_jsic
A	UNI-fe2ae8a323	cap_per_jsic
A	UNI-ffda7011cf	cap_per_jsic
A	UNI-015cc0898a	cap_per_jsic
A	UNI-01bfb51fd6	cap_per_jsic
A	UNI-02220740ac	cap_per_jsic
A	UNI-0315392dd0	cap_per_jsic
A	UNI-05001af783	cap_per_jsic
A	UNI-0500a4a6fc	cap_per_jsic
A	UNI-0b1f9f8ef3	cap_per_jsic
A	UNI-0c46420ba1	cap_per_jsic
A	UNI-0d2f39e2ea	cap_per_jsic
A	UNI-0e6425ec05	cap_per_jsic
A	UNI-0f1f28e525	cap_per_jsic
A	UNI-11e5cd8ed1	cap_per_jsic
A	UNI-130ae87809	cap_per_jsic
A	UNI-134b14f381	cap_per_jsic
A	UNI-145f5eb57a	cap_per_jsic
A	UNI-152971914b	cap_per_jsic
A	UNI-17161fb991	cap_per_jsic
A	UNI-180901c6c4	cap_per_jsic
A	UNI-18513439ce	cap_per_jsic
A	UNI-19896994df	cap_per_jsic
A	UNI-1a2649d733	cap_per_jsic
A	UNI-1b06c708fa	cap_per_jsic
A	UNI-1ba5e65e1f	cap_per_jsic
A	UNI-1ca7a10093	cap_per_jsic
A	UNI-1dab1b0482	cap_per_jsic
A	UNI-1ebcb5e33e	cap_per_jsic
A	UNI-21c5b8d181	cap_per_jsic
A	UNI-21ebed0a6d	cap_per_jsic
A	UNI-228a50005f	cap_per_jsic
A	UNI-2403fbff55	cap_per_jsic
A	UNI-2449767df9	cap_per_jsic
A	UNI-25542699ed	cap_per_jsic
A	UNI-25cd088bcf	cap_per_jsic
A	UNI-263a4b590d	cap_per_jsic
A	UNI-29702df212	cap_per_jsic
A	UNI-2a0a7dc6cf	cap_per_jsic
A	UNI-2b83531a51	cap_per_jsic
A	UNI-2c8b797b42	cap_per_jsic
A	UNI-2d6b61c48f	cap_per_jsic
A	UNI-2e905fbf76	cap_per_jsic
A	UNI-2eea6f77bc	cap_per_jsic
A	UNI-32e9a93659	cap_per_jsic
A	UNI-3398ea6e9e	cap_per_jsic
A	UNI-35d19d5329	cap_per_jsic
A	UNI-37bb6b3cac	cap_per_jsic
A	UNI-3c6253cb28	cap_per_jsic
A	UNI-3fddeb9464	cap_per_jsic
A	UNI-40c66bb6cc	cap_per_jsic
A	UNI-44423a7a4a	cap_per_jsic
A	UNI-4510a05eed	cap_per_jsic
A	UNI-478166deb1	cap_per_jsic
A	UNI-4b014cbe97	cap_per_jsic
A	UNI-4bf5ed8ca6	cap_per_jsic
A	UNI-4d53ac05f5	cap_per_jsic
A	UNI-4de773a988	cap_per_jsic
A	UNI-4e5b6e3608	cap_per_jsic
A	UNI-4eff6d8ed8	cap_per_jsic
A	UNI-52cb8cb569	cap_per_jsic
A	UNI-5475df2d21	cap_per_jsic
A	UNI-554ed77770	cap_per_jsic
A	UNI-572e9a2f3a	cap_per_jsic
A	UNI-57deff9b9b	cap_per_jsic
A	UNI-5911f834cb	cap_per_jsic
A	UNI-5a61435132	cap_per_jsic
A	UNI-5b3d24b1c3	cap_per_jsic
A	UNI-5c19d4b6b4	cap_per_jsic
A	UNI-5da72debf6	cap_per_jsic
A	UNI-5e02de2483	cap_per_jsic
A	UNI-5f2980764d	cap_per_jsic
A	UNI-61d537dd98	cap_per_jsic
A	UNI-65cf8887c0	cap_per_jsic
A	UNI-664f48f489	cap_per_jsic
A	UNI-66544887b6	cap_per_jsic
A	UNI-67e3557c65	cap_per_jsic
A	UNI-6908601432	cap_per_jsic
A	UNI-6c106d60d6	cap_per_jsic
A	UNI-6ccfd13d58	cap_per_jsic
A	UNI-6fd2a88bd5	cap_per_jsic
A	UNI-72bf4f9aff	cap_per_jsic
A	UNI-752e5d918c	cap_per_jsic
A	UNI-75e35db4f6	cap_per_jsic
A	UNI-76ce728f2b	cap_per_jsic
A	UNI-7a0572dd87	cap_per_jsic
A	UNI-7a0bff0f4a	cap_per_jsic
A	UNI-7c8381a059	cap_per_jsic
A	UNI-7dc41bd217	cap_per_jsic
A	UNI-7e708b8d37	cap_per_jsic
A	UNI-7fcb9aa3ed	cap_per_jsic
A	UNI-837d9fe536	cap_per_jsic
A	UNI-838a7cc09b	cap_per_jsic
A	UNI-848fc599ae	cap_per_jsic
A	UNI-8509f1ca14	cap_per_jsic
A	UNI-86a934cb77	cap_per_jsic
A	UNI-8e620b8b7b	cap_per_jsic
A	UNI-8e860e4fcf	cap_per_jsic
A	UNI-8f83da1307	cap_per_jsic
A	UNI-91b0f875ea	cap_per_jsic
A	UNI-95b33170e4	cap_per_jsic
A	UNI-95dfe74dcd	cap_per_jsic
A	UNI-978ab3346d	cap_per_jsic
A	UNI-97afeea2b5	cap_per_jsic
A	UNI-99c63f0682	cap_per_jsic
A	UNI-99dd4ea36d	cap_per_jsic
A	UNI-9becd7b6ba	cap_per_jsic
A	UNI-9cb9e6d846	cap_per_jsic
A	UNI-9e2ff1be18	cap_per_jsic
A	UNI-a07bdd86c2	cap_per_jsic
A	UNI-a0f4961455	cap_per_jsic
A	UNI-a4a881baa0	cap_per_jsic
A	UNI-a691cad031	cap_per_jsic
A	UNI-a6d2195f1a	cap_per_jsic
A	UNI-ab607382fe	cap_per_jsic
A	UNI-ad5ca035f0	cap_per_jsic
A	UNI-af82d3a27c	cap_per_jsic
A	UNI-b2bb0bac59	cap_per_jsic
A	UNI-b31195a10f	cap_per_jsic
A	UNI-b39a6c553d	cap_per_jsic
A	UNI-b4d6ea875a	cap_per_jsic
A	UNI-b51fc1de1b	cap_per_jsic
A	UNI-b5be128c7f	cap_per_jsic
A	UNI-b5c515023d	cap_per_jsic
A	UNI-b7a210fac8	cap_per_jsic
A	UNI-b7f597f868	cap_per_jsic
A	UNI-b93cbcabc8	cap_per_jsic
A	UNI-bbe5612989	cap_per_jsic
A	UNI-beb7b644dc	cap_per_jsic
A	UNI-bf33d76d8f	cap_per_jsic
A	UNI-c2fe0f7176	cap_per_jsic
A	UNI-c530c8b591	cap_per_jsic
A	UNI-c72e28c1e5	cap_per_jsic
A	UNI-c782dd1d6e	cap_per_jsic
A	UNI-c7bf1cf7cb	cap_per_jsic
A	UNI-c8177c8657	cap_per_jsic
A	UNI-c95e488291	cap_per_jsic
A	UNI-ccbf601073	cap_per_jsic
A	UNI-cd1748b774	cap_per_jsic
A	UNI-ce983f26b5	cap_per_jsic
A	UNI-d02bb4cf6c	cap_per_jsic
A	UNI-d278eca2c7	cap_per_jsic
A	UNI-d28f025285	cap_per_jsic
A	UNI-d4bf71529d	cap_per_jsic
A	UNI-d4d0f26481	cap_per_jsic
A	UNI-dacd6ae44a	cap_per_jsic
A	UNI-dae8872dd3	cap_per_jsic
A	UNI-dc4ddf7c4c	cap_per_jsic
A	UNI-dff1cb2479	cap_per_jsic
A	UNI-e051d8f457	cap_per_jsic
A	UNI-e4c51f8939	cap_per_jsic
A	UNI-e5c41708e8	cap_per_jsic
A	UNI-e60068edca	cap_per_jsic
A	UNI-e863dfe71d	cap_per_jsic
A	UNI-e928b7df41	cap_per_jsic
A	UNI-e988f0f1eb	cap_per_jsic
A	UNI-ebe6af89a1	cap_per_jsic
A	UNI-ed7032f223	cap_per_jsic
A	UNI-eddc16b87e	cap_per_jsic
A	UNI-ee05598f8e	cap_per_jsic
A	UNI-ee21a69262	cap_per_jsic
A	UNI-ee8c7e2d3c	cap_per_jsic
A	UNI-ef833f105e	cap_per_jsic
A	UNI-ef938f5214	cap_per_jsic
A	UNI-f36f2cb96f	cap_per_jsic
A	UNI-f525dbccfa	cap_per_jsic
A	UNI-f617b143b1	cap_per_jsic
A	UNI-f6b64778fc	cap_per_jsic
A	UNI-f795982aba	cap_per_jsic
A	UNI-f7f014f60b	cap_per_jsic
A	UNI-f82c7663f8	cap_per_jsic
A	UNI-fc5ee8757f	cap_per_jsic
A	UNI-076c6e2551	cap_per_jsic
A	UNI-158a8251ea	cap_per_jsic
A	UNI-1c55f069bf	cap_per_jsic
A	UNI-37ce60481e	cap_per_jsic
A	UNI-3d5e907064	cap_per_jsic
A	UNI-451f0dd0d5	cap_per_jsic
A	UNI-60672c20ca	cap_per_jsic
A	UNI-6126e9e29f	cap_per_jsic
A	UNI-641b833aaa	cap_per_jsic
A	UNI-65aff20e2e	cap_per_jsic
A	UNI-7a6c1e8147	cap_per_jsic
A	UNI-8af10776d3	cap_per_jsic
A	UNI-9cb8e4584b	cap_per_jsic
A	UNI-9db960cb79	cap_per_jsic
A	UNI-a8272655ea	cap_per_jsic
A	UNI-b0dd7082f8	cap_per_jsic
A	UNI-b1adcca0ee	cap_per_jsic
A	UNI-b2663c8f61	cap_per_jsic
A	UNI-b4ba7f7ba7	cap_per_jsic
A	UNI-ca0255f069	cap_per_jsic
A	UNI-d5bbe8bd51	cap_per_jsic
A	UNI-d667dc1547	cap_per_jsic
A	UNI-dce6a6345f	cap_per_jsic
A	UNI-ddc2e3e689	cap_per_jsic
A	UNI-e299297bc5	cap_per_jsic
A	UNI-f592b0aa55	cap_per_jsic
A	UNI-f63c4bb908	cap_per_jsic
A	UNI-f8efe1cbcf	cap_per_jsic
A	UNI-fa8c5f5a18	cap_per_jsic
A	UNI-0087f19530	cap_per_jsic
A	UNI-11618f92b7	cap_per_jsic
A	UNI-3b4956adb5	cap_per_jsic
A	UNI-46ee386f2b	cap_per_jsic
A	UNI-4dd4f911db	cap_per_jsic
A	UNI-534c96716e	cap_per_jsic
A	UNI-5c95ef0295	cap_per_jsic
A	UNI-68427c8c61	cap_per_jsic
A	UNI-6953037edd	cap_per_jsic
A	UNI-82f2d57927	cap_per_jsic
A	UNI-97d9b61abe	cap_per_jsic
A	UNI-a8998016f9	cap_per_jsic
A	UNI-b382443fbc	cap_per_jsic
A	UNI-c3abb2195f	cap_per_jsic
A	UNI-c4eabb7737	cap_per_jsic
A	UNI-c502dc8077	cap_per_jsic
A	UNI-d0c9b26896	cap_per_jsic
A	UNI-d505114408	cap_per_jsic
A	UNI-f51e8ef2d2	cap_per_jsic
A	UNI-20e42adb8e	cap_per_jsic
A	UNI-2f1f8d00cd	cap_per_jsic
A	UNI-34b447e230	cap_per_jsic
A	UNI-3b646537fd	cap_per_jsic
A	UNI-445394f84c	cap_per_jsic
A	UNI-47ed93650c	cap_per_jsic
A	UNI-50db2f13f9	cap_per_jsic
A	UNI-5c8336c772	cap_per_jsic
A	UNI-8eb8c79322	cap_per_jsic
A	UNI-b21717865f	cap_per_jsic
A	UNI-b82fd39829	cap_per_jsic
A	UNI-c709bbb9b3	cap_per_jsic
A	UNI-cbbfa86d31	cap_per_jsic
A	UNI-fe25e72724	cap_per_jsic
A	UNI-ff73a26a42	cap_per_jsic
A	UNI-006755e172	cap_per_jsic
A	UNI-02554e343a	cap_per_jsic
A	UNI-02565011be	cap_per_jsic
A	UNI-02a8273fe7	cap_per_jsic
A	UNI-04e78fbf8e	cap_per_jsic
A	UNI-05a5ae832c	cap_per_jsic
A	UNI-061313f108	cap_per_jsic
A	UNI-0afdb8a2dc	cap_per_jsic
A	UNI-0d20847a5b	cap_per_jsic
A	UNI-0d44a20c31	cap_per_jsic
A	UNI-0da76df63a	cap_per_jsic
A	UNI-0e42dfbe3b	cap_per_jsic
A	UNI-1344f6d929	cap_per_jsic
A	UNI-14d481a0fc	cap_per_jsic
A	UNI-152499cf26	cap_per_jsic
A	UNI-16a9d4ecbd	cap_per_jsic
A	UNI-1703198b1d	cap_per_jsic
A	UNI-1989962459	cap_per_jsic
A	UNI-1b7307318e	cap_per_jsic
A	UNI-1dd4e36ee5	cap_per_jsic
A	UNI-1e503f3e6f	cap_per_jsic
A	UNI-1edb2b0d8a	cap_per_jsic
A	UNI-204c6d6796	cap_per_jsic
A	UNI-205b9e6abb	cap_per_jsic
A	UNI-20703ee90f	cap_per_jsic
A	UNI-21a6c0e14b	cap_per_jsic
A	UNI-23dbad31c8	cap_per_jsic
A	UNI-24f503f87d	cap_per_jsic
A	UNI-25009d0f6d	cap_per_jsic
A	UNI-29fbb1e857	cap_per_jsic
A	UNI-2b7a375fa6	cap_per_jsic
A	UNI-2d1d1faf2b	cap_per_jsic
A	UNI-319a5dcdd8	cap_per_jsic
A	UNI-328723acc2	cap_per_jsic
A	UNI-33c71db0c5	cap_per_jsic
A	UNI-349ae59aac	cap_per_jsic
A	UNI-3704719ef4	cap_per_jsic
A	UNI-383641cde1	cap_per_jsic
A	UNI-3e9cc1f2e8	cap_per_jsic
A	UNI-4268431842	cap_per_jsic
A	UNI-42960d3cad	cap_per_jsic
A	UNI-43e7112413	cap_per_jsic
A	UNI-497e0686bd	cap_per_jsic
A	UNI-54ed383ee1	cap_per_jsic
A	UNI-5751796b80	cap_per_jsic
A	UNI-58bb25b2cb	cap_per_jsic
A	UNI-598e5f8456	cap_per_jsic
A	UNI-5d229b5908	cap_per_jsic
A	UNI-5d22a12481	cap_per_jsic
A	UNI-5de5057475	cap_per_jsic
A	UNI-60267fa73d	cap_per_jsic
A	UNI-60273740a2	cap_per_jsic
A	UNI-6417871e06	cap_per_jsic
A	UNI-69606bd56a	cap_per_jsic
A	UNI-6adeef1275	cap_per_jsic
A	UNI-6afcddd019	cap_per_jsic
A	UNI-6bb453f432	cap_per_jsic
A	UNI-6cc633eba9	cap_per_jsic
A	UNI-6ff810264d	cap_per_jsic
A	UNI-712f77e314	cap_per_jsic
A	UNI-71fa628ef1	cap_per_jsic
A	UNI-769e3feac3	cap_per_jsic
A	UNI-76d5a4babe	cap_per_jsic
A	UNI-77bbfa1db0	cap_per_jsic
A	UNI-7d6b9b233b	cap_per_jsic
A	UNI-7e55198125	cap_per_jsic
A	UNI-7ecfe4cccd	cap_per_jsic
A	UNI-7f7f8dfa9b	cap_per_jsic
A	UNI-8031883173	cap_per_jsic
A	UNI-812b33868b	cap_per_jsic
A	UNI-81ca747bdb	cap_per_jsic
A	UNI-845a42d96e	cap_per_jsic
A	UNI-84d0592543	cap_per_jsic
A	UNI-858893d5ae	cap_per_jsic
A	UNI-86ef2800d0	cap_per_jsic
A	UNI-87e991ea90	cap_per_jsic
A	UNI-8800239bc8	cap_per_jsic
A	UNI-880143f668	cap_per_jsic
A	UNI-8965d79079	cap_per_jsic
A	UNI-899cc76317	cap_per_jsic
A	UNI-8a8668e95e	cap_per_jsic
A	UNI-8e62814849	cap_per_jsic
A	UNI-90ac63c27d	cap_per_jsic
A	UNI-92cfd91480	cap_per_jsic
A	UNI-94260b4955	cap_per_jsic
A	UNI-9433aa2284	cap_per_jsic
A	UNI-971011b1e2	cap_per_jsic
A	UNI-982c7f1bb6	cap_per_jsic
A	UNI-9923a1767a	cap_per_jsic
A	UNI-9b505ec0da	cap_per_jsic
A	UNI-9bda630d6b	cap_per_jsic
A	UNI-9d259650ad	cap_per_jsic
A	UNI-9fdb363160	cap_per_jsic
A	UNI-a183d1e0c9	cap_per_jsic
A	UNI-a27206fd3c	cap_per_jsic
A	UNI-a40b61440f	cap_per_jsic
A	UNI-a42ee491ef	cap_per_jsic
A	UNI-a4bc1614ad	cap_per_jsic
A	UNI-a5a0b19c65	cap_per_jsic
A	UNI-a75b100f59	cap_per_jsic
A	UNI-a917bd6c7d	cap_per_jsic
A	UNI-acb5c9d029	cap_per_jsic
A	UNI-adab1cc52a	cap_per_jsic
A	UNI-b19679e94d	cap_per_jsic
A	UNI-b61c06d859	cap_per_jsic
A	UNI-b8228a64af	cap_per_jsic
A	UNI-bb974b3614	cap_per_jsic
A	UNI-c07e1ee0fb	cap_per_jsic
A	UNI-c0e2d53a32	cap_per_jsic
A	UNI-c15ad08694	cap_per_jsic
A	UNI-c1bee0f57e	cap_per_jsic
A	UNI-c2aa686638	cap_per_jsic
A	UNI-c5f15495ad	cap_per_jsic
A	UNI-c66771a4c5	cap_per_jsic
A	UNI-c6ae1bb344	cap_per_jsic
A	UNI-c8d3a097cc	cap_per_jsic
A	UNI-ccba08cc89	cap_per_jsic
A	UNI-ccf5b7b6d4	cap_per_jsic
A	UNI-ce618ee652	cap_per_jsic
A	UNI-cfa5add732	cap_per_jsic
A	UNI-d09873b138	cap_per_jsic
A	UNI-d1ce249839	cap_per_jsic
A	UNI-d38c82cec0	cap_per_jsic
A	UNI-dd1eab4074	cap_per_jsic
A	UNI-de60509f00	cap_per_jsic
A	UNI-df59c7f69f	cap_per_jsic
A	UNI-e0ec59bb57	cap_per_jsic
A	UNI-e188640f6c	cap_per_jsic
A	UNI-e282f2ee3b	cap_per_jsic
A	UNI-e3c3816e11	cap_per_jsic
A	UNI-e43807d371	cap_per_jsic
A	UNI-e52387fc1f	cap_per_jsic
A	UNI-e6a2c049c2	cap_per_jsic
A	UNI-e870aade12	cap_per_jsic
A	UNI-e9b4510ff2	cap_per_jsic
A	UNI-eb4aa2ff42	cap_per_jsic
A	UNI-ed09edd97e	cap_per_jsic
A	UNI-ee14d9b192	cap_per_jsic
A	UNI-ee73a3611d	cap_per_jsic
A	UNI-efc9c34f14	cap_per_jsic
A	UNI-ext-ed58a959ea	cap_per_jsic
A	UNI-f00052e64a	cap_per_jsic
A	UNI-f422031885	cap_per_jsic
A	UNI-f56ee6aec6	cap_per_jsic
A	UNI-f846ccc26f	cap_per_jsic
A	UNI-fca5378d7c	cap_per_jsic
A	UNI-fcfc02ccf4	cap_per_jsic
A	UNI-fd22ccaf9f	cap_per_jsic
A	UNI-fd938f36a6	cap_per_jsic
A	UNI-fe67b3bbd0	cap_per_jsic
A	UNI-00ced3a7e3	cap_per_jsic
A	UNI-00dc5b2870	cap_per_jsic
A	UNI-010b912724	cap_per_jsic
A	UNI-010c94476b	cap_per_jsic
A	UNI-011ebc8d43	cap_per_jsic
A	UNI-01338387eb	cap_per_jsic
A	UNI-016f86c70f	cap_per_jsic
A	UNI-01885b43ef	cap_per_jsic
A	UNI-01bbfacdd0	cap_per_jsic
A	UNI-01bdd3afeb	cap_per_jsic
A	UNI-023c2f4b03	cap_per_jsic
A	UNI-024124433b	cap_per_jsic
A	UNI-02754e9769	cap_per_jsic
A	UNI-028aa68039	cap_per_jsic
A	UNI-02a655b84e	cap_per_jsic
A	UNI-02d440b7bf	cap_per_jsic
A	UNI-03b45f1781	cap_per_jsic
A	UNI-03d90ef4ff	cap_per_jsic
A	UNI-045b0e2c47	cap_per_jsic
A	UNI-047258aeeb	cap_per_jsic
A	UNI-047d72ce8f	cap_per_jsic
A	UNI-0489103439	cap_per_jsic
A	UNI-04a92e7060	cap_per_jsic
A	UNI-04ccaaa080	cap_per_jsic
A	UNI-05018f6e45	cap_per_jsic
A	UNI-05051249be	cap_per_jsic
A	UNI-061be25dcf	cap_per_jsic
A	UNI-0648bfcde2	cap_per_jsic
A	UNI-06ca905d1f	cap_per_jsic
A	UNI-0726f34b99	cap_per_jsic
A	UNI-0729b09e5d	cap_per_jsic
A	UNI-07566cb788	cap_per_jsic
A	UNI-077d8c8f4f	cap_per_jsic
A	UNI-0861d74197	cap_per_jsic
A	UNI-087ce90195	cap_per_jsic
A	UNI-09123390f9	cap_per_jsic
A	UNI-0967b4fb9e	cap_per_jsic
A	UNI-09737b0809	cap_per_jsic
A	UNI-09bec4cef4	cap_per_jsic
A	UNI-09f1e70d59	cap_per_jsic
A	UNI-0a1020cbbe	cap_per_jsic
A	UNI-0a1f8735fd	cap_per_jsic
A	UNI-0a2e797364	cap_per_jsic
A	UNI-0aec449302	cap_per_jsic
A	UNI-0b150c2fcf	cap_per_jsic
A	UNI-0b4264f8e0	cap_per_jsic
A	UNI-0b4f79c681	cap_per_jsic
A	UNI-0ba3cc470d	cap_per_jsic
A	UNI-0ba45d71b3	cap_per_jsic
A	UNI-0bbd28b6a5	cap_per_jsic
A	UNI-0bda9f1a22	cap_per_jsic
A	UNI-0bf339b151	cap_per_jsic
A	UNI-0c204804c8	cap_per_jsic
A	UNI-0c39cd3e2f	cap_per_jsic
A	UNI-0c3f288d13	cap_per_jsic
A	UNI-0caa283c44	cap_per_jsic
A	UNI-0ceafefed8	cap_per_jsic
A	UNI-0d20483cb1	cap_per_jsic
A	UNI-0d71ae3caa	cap_per_jsic
A	UNI-0dafb9f5e2	cap_per_jsic
A	UNI-0e6ce85394	cap_per_jsic
A	UNI-0ea03c6993	cap_per_jsic
A	UNI-0ed8855069	cap_per_jsic
A	UNI-0ee05ddbbe	cap_per_jsic
A	UNI-0f7499f8f6	cap_per_jsic
A	UNI-0faf1069fd	cap_per_jsic
A	UNI-1047197aae	cap_per_jsic
A	UNI-10af62e673	cap_per_jsic
A	UNI-10d7364294	cap_per_jsic
A	UNI-115583e66b	cap_per_jsic
A	UNI-116952510b	cap_per_jsic
A	UNI-1171fac4cc	cap_per_jsic
A	UNI-118135bc9b	cap_per_jsic
A	UNI-11a737c327	cap_per_jsic
A	UNI-11a9fa195f	cap_per_jsic
A	UNI-11be3936d0	cap_per_jsic
A	UNI-11d170436c	cap_per_jsic
A	UNI-1202f6a68a	cap_per_jsic
A	UNI-122dc0f155	cap_per_jsic
A	UNI-12a9913b54	cap_per_jsic
A	UNI-12b8fe4805	cap_per_jsic
A	UNI-12cc1ed1f3	cap_per_jsic
A	UNI-12f85e58a7	cap_per_jsic
A	UNI-134fa02a1d	cap_per_jsic
A	UNI-135e79a201	cap_per_jsic
A	UNI-13fb50594c	cap_per_jsic
A	UNI-145aa773f7	cap_per_jsic
A	UNI-145d56fc33	cap_per_jsic
A	UNI-147df1e2e5	cap_per_jsic
A	UNI-14fb609171	cap_per_jsic
A	UNI-150b2f3145	cap_per_jsic
A	UNI-15265d6c0e	cap_per_jsic
A	UNI-154bde0a13	cap_per_jsic
A	UNI-159aa4b1b8	cap_per_jsic
A	UNI-15a930b146	cap_per_jsic
A	UNI-15aae812bd	cap_per_jsic
A	UNI-15e09ed7dc	cap_per_jsic
A	UNI-15f1ad923d	cap_per_jsic
A	UNI-15fb377c1e	cap_per_jsic
A	UNI-16cedd115a	cap_per_jsic
A	UNI-1731c72ff9	cap_per_jsic
A	UNI-1750044e0f	cap_per_jsic
A	UNI-177aae378f	cap_per_jsic
A	UNI-177b2c4785	cap_per_jsic
A	UNI-17d90ae78f	cap_per_jsic
A	UNI-186561c939	cap_per_jsic
A	UNI-18ae1e3238	cap_per_jsic
A	UNI-18fa19dafc	cap_per_jsic
A	UNI-1902db6dab	cap_per_jsic
A	UNI-194572e993	cap_per_jsic
A	UNI-19c3560bc0	cap_per_jsic
A	UNI-19d6edd8d6	cap_per_jsic
A	UNI-19d7274319	cap_per_jsic
A	UNI-1a130337ac	cap_per_jsic
A	UNI-1a4f051671	cap_per_jsic
A	UNI-1a55535278	cap_per_jsic
A	UNI-1a8f5ec165	cap_per_jsic
A	UNI-1a9671ad9a	cap_per_jsic
A	UNI-1a9a7dec22	cap_per_jsic
A	UNI-1b29354e96	cap_per_jsic
A	UNI-1b6c6f2865	cap_per_jsic
A	UNI-1bfeadd04c	cap_per_jsic
A	UNI-1c275b878d	cap_per_jsic
A	UNI-1c350c205f	cap_per_jsic
A	UNI-1ca9f93afa	cap_per_jsic
A	UNI-1cae7cb556	cap_per_jsic
A	UNI-1cc60cbf1f	cap_per_jsic
A	UNI-1d21ed2670	cap_per_jsic
A	UNI-1d295bb54b	cap_per_jsic
A	UNI-1db7cde595	cap_per_jsic
A	UNI-1e12e014b9	cap_per_jsic
A	UNI-1ed1199913	cap_per_jsic
A	UNI-1ede55186f	cap_per_jsic
A	UNI-1f1063a867	cap_per_jsic
A	UNI-1f3ecbfe1c	cap_per_jsic
A	UNI-1f79536e53	cap_per_jsic
A	UNI-1f8fdb26e8	cap_per_jsic
A	UNI-1f90023bff	cap_per_jsic
A	UNI-1fe2851507	cap_per_jsic
A	UNI-1ff1e9396e	cap_per_jsic
A	UNI-1ff9096193	cap_per_jsic
A	UNI-203cc3917a	cap_per_jsic
A	UNI-204959024e	cap_per_jsic
A	UNI-205d51f0ae	cap_per_jsic
A	UNI-209ff8bd10	cap_per_jsic
A	UNI-20fecb17de	cap_per_jsic
A	UNI-2109ce863a	cap_per_jsic
A	UNI-216e04197d	cap_per_jsic
A	UNI-218c1a444d	cap_per_jsic
A	UNI-21dce544bb	cap_per_jsic
A	UNI-22a8d7ca95	cap_per_jsic
A	UNI-22dce0c736	cap_per_jsic
A	UNI-23376b8183	cap_per_jsic
A	UNI-23c8a961e7	cap_per_jsic
A	UNI-2421ff0408	cap_per_jsic
A	UNI-24d81086bd	cap_per_jsic
A	UNI-25047f5afd	cap_per_jsic
A	UNI-252a42839b	cap_per_jsic
A	UNI-25455bc229	cap_per_jsic
A	UNI-254b245536	cap_per_jsic
A	UNI-255b16cb38	cap_per_jsic
A	UNI-258122f316	cap_per_jsic
A	UNI-260777a7c2	cap_per_jsic
A	UNI-260e4b982e	cap_per_jsic
A	UNI-26983e8e2c	cap_per_jsic
A	UNI-26eb4eea7d	cap_per_jsic
A	UNI-271d94b80f	cap_per_jsic
A	UNI-2750f875aa	cap_per_jsic
A	UNI-2782cae980	cap_per_jsic
A	UNI-281842993c	cap_per_jsic
A	UNI-283e6115f0	cap_per_jsic
A	UNI-284af2ff55	cap_per_jsic
A	UNI-288ba92164	cap_per_jsic
A	UNI-28d775d62e	cap_per_jsic
A	UNI-28db859277	cap_per_jsic
A	UNI-28fcda8146	cap_per_jsic
A	UNI-293c12201f	cap_per_jsic
A	UNI-2987138028	cap_per_jsic
A	UNI-2988fa0d3e	cap_per_jsic
A	UNI-29f1910737	cap_per_jsic
A	UNI-29f920a92b	cap_per_jsic
A	UNI-2a0eb081b8	cap_per_jsic
A	UNI-2a333c7861	cap_per_jsic
A	UNI-2acb0067a1	cap_per_jsic
A	UNI-2ae1010b67	cap_per_jsic
A	UNI-2b191ae767	cap_per_jsic
A	UNI-2b6e6d2397	cap_per_jsic
A	UNI-2b7d4290d2	cap_per_jsic
A	UNI-2b9fcfa483	cap_per_jsic
A	UNI-2ba76841a0	cap_per_jsic
A	UNI-2bac077a4b	cap_per_jsic
A	UNI-2bad58de52	cap_per_jsic
A	UNI-2bf11c2189	cap_per_jsic
A	UNI-2c4c76679e	cap_per_jsic
A	UNI-2d55931c7c	cap_per_jsic
A	UNI-2df848f659	cap_per_jsic
A	UNI-2df8f4c11d	cap_per_jsic
A	UNI-2df9101866	cap_per_jsic
A	UNI-2e175224b0	cap_per_jsic
A	UNI-2e54c0bed2	cap_per_jsic
A	UNI-2e6f85462a	cap_per_jsic
A	UNI-2e8a3038fb	cap_per_jsic
A	UNI-2ea77a223c	cap_per_jsic
A	UNI-2ec24b6e3f	cap_per_jsic
A	UNI-2edd6cfa83	cap_per_jsic
A	UNI-2eee9f22aa	cap_per_jsic
A	UNI-2f00b38192	cap_per_jsic
A	UNI-2f156adf19	cap_per_jsic
A	UNI-2f508b0a37	cap_per_jsic
A	UNI-2fb00b0fd4	cap_per_jsic
A	UNI-2fe9c13ee5	cap_per_jsic
A	UNI-301d5b6a84	cap_per_jsic
A	UNI-3084e6949b	cap_per_jsic
A	UNI-3096172309	cap_per_jsic
A	UNI-30ca9614b5	cap_per_jsic
A	UNI-310948e83b	cap_per_jsic
A	UNI-3145931480	cap_per_jsic
A	UNI-315add388a	cap_per_jsic
A	UNI-31707dd70c	cap_per_jsic
A	UNI-31e5402d89	cap_per_jsic
A	UNI-320810afc7	cap_per_jsic
A	UNI-323651b818	cap_per_jsic
A	UNI-324c9e0d84	cap_per_jsic
A	UNI-3257dc9d9c	cap_per_jsic
A	UNI-325e0c388d	cap_per_jsic
A	UNI-32c2945949	cap_per_jsic
A	UNI-3301c10ada	cap_per_jsic
A	UNI-333e4aad3f	cap_per_jsic
A	UNI-33bd8c7b43	cap_per_jsic
A	UNI-33cc6a624a	cap_per_jsic
A	UNI-3401e6853d	cap_per_jsic
A	UNI-34144c2e23	cap_per_jsic
A	UNI-3428ef81db	cap_per_jsic
A	UNI-34b20c049e	cap_per_jsic
A	UNI-350f720dcc	cap_per_jsic
A	UNI-351d4aae7a	cap_per_jsic
A	UNI-354b8e0bc2	cap_per_jsic
A	UNI-35ae08cfec	cap_per_jsic
A	UNI-372abd5029	cap_per_jsic
A	UNI-376ad04eec	cap_per_jsic
A	UNI-377686dcd2	cap_per_jsic
A	UNI-37f4997270	cap_per_jsic
A	UNI-3805fb5100	cap_per_jsic
A	UNI-39bf9563ba	cap_per_jsic
A	UNI-39d65c2d89	cap_per_jsic
A	UNI-3a4b454139	cap_per_jsic
A	UNI-3aa9639fea	cap_per_jsic
A	UNI-3ad3132e5a	cap_per_jsic
A	UNI-3ae7ffcb5a	cap_per_jsic
A	UNI-3b114a078f	cap_per_jsic
A	UNI-3b820d6840	cap_per_jsic
A	UNI-3b9fb595af	cap_per_jsic
A	UNI-3bfaf36ba3	cap_per_jsic
A	UNI-3bff5ea842	cap_per_jsic
A	UNI-3cbb21fc62	cap_per_jsic
A	UNI-3cfd33cbc3	cap_per_jsic
A	UNI-3db62f12e0	cap_per_jsic
A	UNI-3de5cac4cf	cap_per_jsic
A	UNI-3e50a3f933	cap_per_jsic
A	UNI-3e5b94f059	cap_per_jsic
A	UNI-3e9f4d46fa	cap_per_jsic
A	UNI-3f3f4787ca	cap_per_jsic
A	UNI-3f66ea9ab0	cap_per_jsic
A	UNI-3f8736ea24	cap_per_jsic
A	UNI-40358e7271	cap_per_jsic
A	UNI-403aed15c5	cap_per_jsic
A	UNI-405701fb03	cap_per_jsic
A	UNI-406d145774	cap_per_jsic
A	UNI-412571075a	cap_per_jsic
A	UNI-413621977c	cap_per_jsic
A	UNI-4172a98eeb	cap_per_jsic
A	UNI-419664c0ac	cap_per_jsic
A	UNI-41ccde9b9a	cap_per_jsic
A	UNI-41ea9544cf	cap_per_jsic
A	UNI-428334a27f	cap_per_jsic
A	UNI-42a4f75330	cap_per_jsic
A	UNI-4326574d42	cap_per_jsic
A	UNI-441e58b237	cap_per_jsic
A	UNI-4425419b98	cap_per_jsic
A	UNI-442a5bc47b	cap_per_jsic
A	UNI-446b6195c8	cap_per_jsic
A	UNI-447f850ea8	cap_per_jsic
A	UNI-44822bfd63	cap_per_jsic
A	UNI-44e1cdb968	cap_per_jsic
A	UNI-44e6cf02c8	cap_per_jsic
A	UNI-44ed7cd6f6	cap_per_jsic
A	UNI-4527844e4a	cap_per_jsic
A	UNI-453d41dcb1	cap_per_jsic
A	UNI-4565c9c8d5	cap_per_jsic
A	UNI-45b2d096fa	cap_per_jsic
A	UNI-460fe356ee	cap_per_jsic
A	UNI-4614b2424b	cap_per_jsic
A	UNI-4633aa357e	cap_per_jsic
A	UNI-46f8eef12c	cap_per_jsic
A	UNI-475bdfe4a3	cap_per_jsic
A	UNI-47a31a8310	cap_per_jsic
A	UNI-47c4b96708	cap_per_jsic
A	UNI-47dd6526b0	cap_per_jsic
A	UNI-48326e0acd	cap_per_jsic
A	UNI-48fc38485a	cap_per_jsic
A	UNI-490306266f	cap_per_jsic
A	UNI-496c400b34	cap_per_jsic
A	UNI-497833d32f	cap_per_jsic
A	UNI-49dd34afde	cap_per_jsic
A	UNI-49e0fc0d05	cap_per_jsic
A	UNI-4a2f740da2	cap_per_jsic
A	UNI-4a3bfee38f	cap_per_jsic
A	UNI-4ac946e7af	cap_per_jsic
A	UNI-4af10c3268	cap_per_jsic
A	UNI-4b3ea7e6c8	cap_per_jsic
A	UNI-4b7e2c0990	cap_per_jsic
A	UNI-4b868ab235	cap_per_jsic
A	UNI-4bf289b17f	cap_per_jsic
A	UNI-4c32aaba0e	cap_per_jsic
A	UNI-4c4ead3537	cap_per_jsic
A	UNI-4c53c82a76	cap_per_jsic
A	UNI-4cc28a05ff	cap_per_jsic
A	UNI-4cd7230a9c	cap_per_jsic
A	UNI-4d5fe4a730	cap_per_jsic
A	UNI-4d62c9fcc7	cap_per_jsic
A	UNI-4e7f5d10d3	cap_per_jsic
A	UNI-4ecc439729	cap_per_jsic
A	UNI-4f1a983d41	cap_per_jsic
A	UNI-4f4b9a065c	cap_per_jsic
A	UNI-4f6bd3fc0d	cap_per_jsic
A	UNI-4fadb4a354	cap_per_jsic
A	UNI-4fcebd3c5d	cap_per_jsic
A	UNI-4ff9308063	cap_per_jsic
A	UNI-506799e117	cap_per_jsic
A	UNI-50b1198cdc	cap_per_jsic
A	UNI-50f96d189f	cap_per_jsic
A	UNI-50fdf7266b	cap_per_jsic
A	UNI-5142552924	cap_per_jsic
A	UNI-51998f5355	cap_per_jsic
A	UNI-51a3e66dcb	cap_per_jsic
A	UNI-525e29b662	cap_per_jsic
A	UNI-526cea527c	cap_per_jsic
A	UNI-52b11648d0	cap_per_jsic
A	UNI-52e115d85d	cap_per_jsic
A	UNI-53446f2e50	cap_per_jsic
A	UNI-5392e5513a	cap_per_jsic
A	UNI-53b21037e7	cap_per_jsic
A	UNI-541edb64da	cap_per_jsic
A	UNI-54223a5129	cap_per_jsic
A	UNI-5544db0c99	cap_per_jsic
A	UNI-554db0b871	cap_per_jsic
A	UNI-5581524c2f	cap_per_jsic
A	UNI-5608158dff	cap_per_jsic
A	UNI-560c1b4a25	cap_per_jsic
A	UNI-5679d4d2de	cap_per_jsic
A	UNI-56d38c9e7b	cap_per_jsic
A	UNI-571e65000a	cap_per_jsic
A	UNI-579428ff53	cap_per_jsic
A	UNI-57d59badfa	cap_per_jsic
A	UNI-5839ef6b6c	cap_per_jsic
A	UNI-58a7adac8d	cap_per_jsic
A	UNI-58e5204c0e	cap_per_jsic
A	UNI-5926850e19	cap_per_jsic
A	UNI-598833385b	cap_per_jsic
A	UNI-59de3036e1	cap_per_jsic
A	UNI-59fc93f57f	cap_per_jsic
A	UNI-5a50a1f456	cap_per_jsic
A	UNI-5aa57f11fc	cap_per_jsic
A	UNI-5af84a02b6	cap_per_jsic
A	UNI-5bb010f81e	cap_per_jsic
A	UNI-5bbeedc588	cap_per_jsic
A	UNI-5bc4ae50e9	cap_per_jsic
A	UNI-5c37e16faa	cap_per_jsic
A	UNI-5c837f7f62	cap_per_jsic
A	UNI-5cdfd2ed83	cap_per_jsic
A	UNI-5d1c58d75a	cap_per_jsic
A	UNI-5d45f1dbe7	cap_per_jsic
A	UNI-5d4de22a55	cap_per_jsic
A	UNI-5d83458ee7	cap_per_jsic
A	UNI-5dcb2729d6	cap_per_jsic
A	UNI-5e29eeca01	cap_per_jsic
A	UNI-5e3292fdf3	cap_per_jsic
A	UNI-5e47fba629	cap_per_jsic
A	UNI-5ea98e7c9e	cap_per_jsic
A	UNI-5eda019296	cap_per_jsic
A	UNI-5f2f135839	cap_per_jsic
A	UNI-5f383a7831	cap_per_jsic
A	UNI-5f78d0b26e	cap_per_jsic
A	UNI-5f8d2227de	cap_per_jsic
A	UNI-5fb7ebe967	cap_per_jsic
A	UNI-5fbaf55256	cap_per_jsic
A	UNI-60f6c427c7	cap_per_jsic
A	UNI-6129000ab6	cap_per_jsic
A	UNI-613a6e72d5	cap_per_jsic
A	UNI-61b3398891	cap_per_jsic
A	UNI-61c261253f	cap_per_jsic
A	UNI-61cd9fa698	cap_per_jsic
A	UNI-61fe9269a6	cap_per_jsic
A	UNI-6204b43316	cap_per_jsic
A	UNI-62dc1f3e48	cap_per_jsic
A	UNI-63303cfb50	cap_per_jsic
A	UNI-644ba8763b	cap_per_jsic
A	UNI-6497bf79fb	cap_per_jsic
A	UNI-6500b0707a	cap_per_jsic
A	UNI-651c9f48b7	cap_per_jsic
A	UNI-655391f191	cap_per_jsic
A	UNI-6559e72fc3	cap_per_jsic
A	UNI-65bbe91f93	cap_per_jsic
A	UNI-661d8fdcd0	cap_per_jsic
A	UNI-672ae6914c	cap_per_jsic
A	UNI-6771183d94	cap_per_jsic
A	UNI-67abfa31d4	cap_per_jsic
A	UNI-67d57a6781	cap_per_jsic
A	UNI-67e283d210	cap_per_jsic
A	UNI-682bc7086c	cap_per_jsic
A	UNI-6872cd05cb	cap_per_jsic
A	UNI-68a141ea0e	cap_per_jsic
A	UNI-68be0ee734	cap_per_jsic
A	UNI-693f1d603c	cap_per_jsic
A	UNI-6a00ba6eae	cap_per_jsic
A	UNI-6b508f896c	cap_per_jsic
A	UNI-6b7efecae7	cap_per_jsic
A	UNI-6bd7245ee8	cap_per_jsic
A	UNI-6c08ff7ce2	cap_per_jsic
A	UNI-6c1a457c0c	cap_per_jsic
A	UNI-6c95c451e7	cap_per_jsic
A	UNI-6ce418067c	cap_per_jsic
A	UNI-6d0eb79722	cap_per_jsic
A	UNI-6d18eb1728	cap_per_jsic
A	UNI-6d6bb2b210	cap_per_jsic
A	UNI-6dad8ff58a	cap_per_jsic
A	UNI-6e3a91fa7f	cap_per_jsic
A	UNI-6e992905e8	cap_per_jsic
A	UNI-6f39e762c1	cap_per_jsic
A	UNI-6fb8e21cbd	cap_per_jsic
A	UNI-700b89d345	cap_per_jsic
A	UNI-703a189cb6	cap_per_jsic
A	UNI-705dd82f20	cap_per_jsic
A	UNI-70b2b94f9a	cap_per_jsic
A	UNI-70b32d4a0b	cap_per_jsic
A	UNI-70cc2d699b	cap_per_jsic
A	UNI-712a60c574	cap_per_jsic
A	UNI-717b54c5f0	cap_per_jsic
A	UNI-7181919dfe	cap_per_jsic
A	UNI-71f3b1244e	cap_per_jsic
A	UNI-721af9f50e	cap_per_jsic
A	UNI-725d2e5005	cap_per_jsic
A	UNI-72b6cbd115	cap_per_jsic
A	UNI-72b9a6f97b	cap_per_jsic
A	UNI-7309e4e5e6	cap_per_jsic
A	UNI-73170600ae	cap_per_jsic
A	UNI-74104f92e8	cap_per_jsic
A	UNI-743425cb81	cap_per_jsic
A	UNI-74f6a98997	cap_per_jsic
A	UNI-752d3bfa14	cap_per_jsic
A	UNI-7558526d30	cap_per_jsic
A	UNI-7609c939ee	cap_per_jsic
A	UNI-7621a6addf	cap_per_jsic
A	UNI-76727fcfb0	cap_per_jsic
A	UNI-767b6b4692	cap_per_jsic
A	UNI-768f2502dc	cap_per_jsic
A	UNI-76f1188725	cap_per_jsic
A	UNI-770c4e5567	cap_per_jsic
A	UNI-780946bfc2	cap_per_jsic
A	UNI-78188d1f7b	cap_per_jsic
A	UNI-78914e6304	cap_per_jsic
A	UNI-79d8808f55	cap_per_jsic
A	UNI-79e0d5257d	cap_per_jsic
A	UNI-7a7ed76a19	cap_per_jsic
A	UNI-7a979e2a2e	cap_per_jsic
A	UNI-7ad2a45682	cap_per_jsic
A	UNI-7b06b40e76	cap_per_jsic
A	UNI-7bae385f26	cap_per_jsic
A	UNI-7bc30869cd	cap_per_jsic
A	UNI-7c29e6b56f	cap_per_jsic
A	UNI-7c3e75acad	cap_per_jsic
A	UNI-7c54809613	cap_per_jsic
A	UNI-7c993e7dcd	cap_per_jsic
A	UNI-7d19c02cd3	cap_per_jsic
A	UNI-7d364ff502	cap_per_jsic
A	UNI-7d5010f383	cap_per_jsic
A	UNI-7d9469e8ab	cap_per_jsic
A	UNI-7e00f13d25	cap_per_jsic
A	UNI-7e5694a0a5	cap_per_jsic
A	UNI-7e90c9e2d2	cap_per_jsic
A	UNI-7ec2b01dbb	cap_per_jsic
A	UNI-7ee802a63f	cap_per_jsic
A	UNI-80929f2638	cap_per_jsic
A	UNI-80cadfbc95	cap_per_jsic
A	UNI-81037d10de	cap_per_jsic
A	UNI-8115081a29	cap_per_jsic
A	UNI-8196a63d70	cap_per_jsic
A	UNI-820b58a3c3	cap_per_jsic
A	UNI-82216e387a	cap_per_jsic
A	UNI-8277ca7ce7	cap_per_jsic
A	UNI-82fb54f4eb	cap_per_jsic
A	UNI-8360854c5e	cap_per_jsic
A	UNI-838aa6627b	cap_per_jsic
A	UNI-839c616f9c	cap_per_jsic
A	UNI-83b0aff05c	cap_per_jsic
A	UNI-848461d1eb	cap_per_jsic
A	UNI-848f3e3f11	cap_per_jsic
A	UNI-8508792986	cap_per_jsic
A	UNI-850c79bd00	cap_per_jsic
A	UNI-8566b9bca0	cap_per_jsic
A	UNI-866db2f3c1	cap_per_jsic
A	UNI-86888e2a5b	cap_per_jsic
A	UNI-86c89425db	cap_per_jsic
A	UNI-86ce8f110d	cap_per_jsic
A	UNI-872886f3a8	cap_per_jsic
A	UNI-8777b82b3d	cap_per_jsic
A	UNI-8800dd00f4	cap_per_jsic
A	UNI-89e430d1b2	cap_per_jsic
A	UNI-89f8ee16e1	cap_per_jsic
A	UNI-8a01c3ec36	cap_per_jsic
A	UNI-8b7d74beda	cap_per_jsic
A	UNI-8b8d7a81a5	cap_per_jsic
A	UNI-8bde5da392	cap_per_jsic
A	UNI-8c98513a39	cap_per_jsic
A	UNI-8cad35e749	cap_per_jsic
A	UNI-8d57aac89e	cap_per_jsic
A	UNI-8db61024bd	cap_per_jsic
A	UNI-8e30ccc327	cap_per_jsic
A	UNI-8ecfd967ea	cap_per_jsic
A	UNI-8f0ebc28a5	cap_per_jsic
A	UNI-8fd82b3663	cap_per_jsic
A	UNI-9071602c65	cap_per_jsic
A	UNI-908542aeab	cap_per_jsic
A	UNI-90e9a50a3d	cap_per_jsic
A	UNI-916becc3d2	cap_per_jsic
A	UNI-91f0d2332b	cap_per_jsic
A	UNI-91f498a8a9	cap_per_jsic
A	UNI-9238854011	cap_per_jsic
A	UNI-924250721d	cap_per_jsic
A	UNI-92b03c9c8a	cap_per_jsic
A	UNI-92e5322bbd	cap_per_jsic
A	UNI-92fed9a0ff	cap_per_jsic
A	UNI-9335ac5eb6	cap_per_jsic
A	UNI-93a1d8d1c3	cap_per_jsic
A	UNI-93f3cb5bf6	cap_per_jsic
A	UNI-94a4f569d5	cap_per_jsic
A	UNI-94cf31a6cf	cap_per_jsic
A	UNI-954d56ae51	cap_per_jsic
A	UNI-959a4d7e23	cap_per_jsic
A	UNI-95b1128c3d	cap_per_jsic
A	UNI-95b2c5ff91	cap_per_jsic
A	UNI-95d6347875	cap_per_jsic
A	UNI-95e9ca9f5e	cap_per_jsic
A	UNI-9614801a0c	cap_per_jsic
A	UNI-9615f7be6a	cap_per_jsic
A	UNI-9682a69096	cap_per_jsic
A	UNI-96a6b9de01	cap_per_jsic
A	UNI-96c281939a	cap_per_jsic
A	UNI-977e6d4ec5	cap_per_jsic
A	UNI-97825e9f42	cap_per_jsic
A	UNI-9839fd3cf3	cap_per_jsic
A	UNI-9976320c9f	cap_per_jsic
A	UNI-99ee94e198	cap_per_jsic
A	UNI-9a0a1b9a80	cap_per_jsic
A	UNI-9ab1d6b3a3	cap_per_jsic
A	UNI-9bc25bddb0	cap_per_jsic
A	UNI-9c600162f8	cap_per_jsic
A	UNI-9c697e205d	cap_per_jsic
A	UNI-9d24a6f32d	cap_per_jsic
A	UNI-9d2c34cb4a	cap_per_jsic
A	UNI-9db043206b	cap_per_jsic
A	UNI-9de24cee03	cap_per_jsic
A	UNI-9e5063830c	cap_per_jsic
A	UNI-9e56edfe60	cap_per_jsic
A	UNI-9e8cf3a7a2	cap_per_jsic
A	UNI-9ed2bb97c0	cap_per_jsic
A	UNI-9f96d631d5	cap_per_jsic
A	UNI-a046c9f729	cap_per_jsic
A	UNI-a0d8389d95	cap_per_jsic
A	UNI-a24e4e3ea2	cap_per_jsic
A	UNI-a253ea1802	cap_per_jsic
A	UNI-a269bb7d6c	cap_per_jsic
A	UNI-a2a3509657	cap_per_jsic
A	UNI-a2e34832e2	cap_per_jsic
A	UNI-a3d9c6df54	cap_per_jsic
A	UNI-a41df62629	cap_per_jsic
A	UNI-a442bd2f20	cap_per_jsic
A	UNI-a44e6de220	cap_per_jsic
A	UNI-a4767a3c3a	cap_per_jsic
A	UNI-a4a4ea7a23	cap_per_jsic
A	UNI-a4ad4b49da	cap_per_jsic
A	UNI-a4cffdec79	cap_per_jsic
A	UNI-a4d5b68edd	cap_per_jsic
A	UNI-a4f2612929	cap_per_jsic
A	UNI-a56930925e	cap_per_jsic
A	UNI-a59e8361e9	cap_per_jsic
A	UNI-a60a19120b	cap_per_jsic
A	UNI-a6e55f6042	cap_per_jsic
A	UNI-a6eebe46eb	cap_per_jsic
A	UNI-a744e956c8	cap_per_jsic
A	UNI-a769955146	cap_per_jsic
A	UNI-a8597c18a2	cap_per_jsic
A	UNI-a88d7d8da2	cap_per_jsic
A	UNI-a8f9717a5e	cap_per_jsic
A	UNI-a9466f43c0	cap_per_jsic
A	UNI-a98b7fa4b8	cap_per_jsic
A	UNI-a9f8f49878	cap_per_jsic
A	UNI-aa60638053	cap_per_jsic
A	UNI-ab37d1e819	cap_per_jsic
A	UNI-abc3c63afc	cap_per_jsic
A	UNI-abddeb5042	cap_per_jsic
A	UNI-ac73074733	cap_per_jsic
A	UNI-ad50ac0d62	cap_per_jsic
A	UNI-ad6bab81ec	cap_per_jsic
A	UNI-ae299e75dc	cap_per_jsic
A	UNI-ae6913242c	cap_per_jsic
A	UNI-ae6f5e8a77	cap_per_jsic
A	UNI-ae788b0b81	cap_per_jsic
A	UNI-af249edcb0	cap_per_jsic
A	UNI-af3d0d6ab1	cap_per_jsic
A	UNI-af5564c926	cap_per_jsic
A	UNI-af601659b2	cap_per_jsic
A	UNI-af7778950c	cap_per_jsic
A	UNI-afad1890f9	cap_per_jsic
A	UNI-afdae397a1	cap_per_jsic
A	UNI-b02c17e038	cap_per_jsic
A	UNI-b05e69e1ab	cap_per_jsic
A	UNI-b07abd4754	cap_per_jsic
A	UNI-b07b6707a8	cap_per_jsic
A	UNI-b13b9ad797	cap_per_jsic
A	UNI-b1a9f7e583	cap_per_jsic
A	UNI-b20473b912	cap_per_jsic
A	UNI-b2680b2c88	cap_per_jsic
A	UNI-b3458525e1	cap_per_jsic
A	UNI-b35bcab7cc	cap_per_jsic
A	UNI-b423b110e0	cap_per_jsic
A	UNI-b49cb6aaa4	cap_per_jsic
A	UNI-b4b2c67a16	cap_per_jsic
A	UNI-b507d1f5b6	cap_per_jsic
A	UNI-b54ac69fc3	cap_per_jsic
A	UNI-b6d5a3c032	cap_per_jsic
A	UNI-b6e6db4981	cap_per_jsic
A	UNI-b715eb87a2	cap_per_jsic
A	UNI-b738e8b0bf	cap_per_jsic
A	UNI-b74401c25a	cap_per_jsic
A	UNI-b7831a30ab	cap_per_jsic
A	UNI-b7cc6777f7	cap_per_jsic
A	UNI-b7d451fcbf	cap_per_jsic
A	UNI-b7e4916da2	cap_per_jsic
A	UNI-b7fc29cca9	cap_per_jsic
A	UNI-b7fc7783f7	cap_per_jsic
A	UNI-b843eb4293	cap_per_jsic
A	UNI-b89bdf8263	cap_per_jsic
A	UNI-b9c0764a5a	cap_per_jsic
A	UNI-babae9b60e	cap_per_jsic
A	UNI-bb976d781e	cap_per_jsic
A	UNI-bb9bda4c0e	cap_per_jsic
A	UNI-bbe9dd11d0	cap_per_jsic
A	UNI-bc86d32f3a	cap_per_jsic
A	UNI-bd092ac2a7	cap_per_jsic
A	UNI-bd354a8c8a	cap_per_jsic
A	UNI-bd391baef9	cap_per_jsic
A	UNI-bd7227b102	cap_per_jsic
A	UNI-bd85accc76	cap_per_jsic
A	UNI-bda5ed5cca	cap_per_jsic
A	UNI-bdd99e8903	cap_per_jsic
A	UNI-be0b3e28f5	cap_per_jsic
A	UNI-be2ea55fa3	cap_per_jsic
A	UNI-be5b4e5e6a	cap_per_jsic
A	UNI-be89da2e23	cap_per_jsic
A	UNI-bef0935e70	cap_per_jsic
A	UNI-bf7457ce0f	cap_per_jsic
A	UNI-bfe9f5ed9d	cap_per_jsic
A	UNI-c01b3ceb2e	cap_per_jsic
A	UNI-c053f02843	cap_per_jsic
A	UNI-c112cf0e3b	cap_per_jsic
A	UNI-c1d143d815	cap_per_jsic
A	UNI-c2197a07d4	cap_per_jsic
A	UNI-c249026207	cap_per_jsic
A	UNI-c2664315a8	cap_per_jsic
A	UNI-c2790ff719	cap_per_jsic
A	UNI-c2dbc3b487	cap_per_jsic
A	UNI-c35026cbf2	cap_per_jsic
A	UNI-c3766801d1	cap_per_jsic
A	UNI-c3bef443f0	cap_per_jsic
A	UNI-c3bff6efc9	cap_per_jsic
A	UNI-c3c3389c71	cap_per_jsic
A	UNI-c4237145dc	cap_per_jsic
A	UNI-c44fa3b805	cap_per_jsic
A	UNI-c4a06ac955	cap_per_jsic
A	UNI-c4cb3f6762	cap_per_jsic
A	UNI-c4dbf7380f	cap_per_jsic
A	UNI-c652b1f4f0	cap_per_jsic
A	UNI-c68d454270	cap_per_jsic
A	UNI-c74fa5683d	cap_per_jsic
A	UNI-c7c149dcac	cap_per_jsic
A	UNI-c863237d35	cap_per_jsic
A	UNI-c8a3b72151	cap_per_jsic
A	UNI-c8e11ec122	cap_per_jsic
A	UNI-c9191c1f44	cap_per_jsic
A	UNI-c92cfb8c74	cap_per_jsic
A	UNI-c944a2143f	cap_per_jsic
A	UNI-c965441c22	cap_per_jsic
A	UNI-c9842a41c8	cap_per_jsic
A	UNI-c998e7c702	cap_per_jsic
A	UNI-c9df4dfc2b	cap_per_jsic
A	UNI-ca37f4173e	cap_per_jsic
A	UNI-ca70226826	cap_per_jsic
A	UNI-ca7609931d	cap_per_jsic
A	UNI-caf072e842	cap_per_jsic
A	UNI-caf661797c	cap_per_jsic
A	UNI-cb149f8d44	cap_per_jsic
A	UNI-cb2e9729d2	cap_per_jsic
A	UNI-cc7e29a66b	cap_per_jsic
A	UNI-cc8c1c6286	cap_per_jsic
A	UNI-ccbdb86595	cap_per_jsic
A	UNI-cd20c6acca	cap_per_jsic
A	UNI-cd4aa322b2	cap_per_jsic
A	UNI-cd5ad9d4b5	cap_per_jsic
A	UNI-cd803cd5f3	cap_per_jsic
A	UNI-cd98d5b409	cap_per_jsic
A	UNI-cdc0fc6dec	cap_per_jsic
A	UNI-cdc6d5f0ca	cap_per_jsic
A	UNI-cddf5f7543	cap_per_jsic
A	UNI-ce462fc47e	cap_per_jsic
A	UNI-cf2e81038a	cap_per_jsic
A	UNI-cf39dae89e	cap_per_jsic
A	UNI-cf47d8b078	cap_per_jsic
A	UNI-cf731f8a84	cap_per_jsic
A	UNI-cf9f8125fb	cap_per_jsic
A	UNI-d0e4f6d41a	cap_per_jsic
A	UNI-d0f92529ae	cap_per_jsic
A	UNI-d102ea989c	cap_per_jsic
A	UNI-d1521c69f9	cap_per_jsic
A	UNI-d24aa0e5c8	cap_per_jsic
A	UNI-d24b005766	cap_per_jsic
A	UNI-d264990853	cap_per_jsic
A	UNI-d2ea20c7cf	cap_per_jsic
A	UNI-d36ac89d58	cap_per_jsic
A	UNI-d3a1450008	cap_per_jsic
A	UNI-d4af4046fe	cap_per_jsic
A	UNI-d591702540	cap_per_jsic
A	UNI-d609f50fef	cap_per_jsic
A	UNI-d624e29d1b	cap_per_jsic
A	UNI-d68bde1f5d	cap_per_jsic
A	UNI-d710d3666b	cap_per_jsic
A	UNI-d745b1436f	cap_per_jsic
A	UNI-d798597492	cap_per_jsic
A	UNI-d815a91f76	cap_per_jsic
A	UNI-d842087158	cap_per_jsic
A	UNI-d88bb50f0e	cap_per_jsic
A	UNI-d8a6da9f66	cap_per_jsic
A	UNI-d8f9567027	cap_per_jsic
A	UNI-d925276fb6	cap_per_jsic
A	UNI-d959aeb0a3	cap_per_jsic
A	UNI-d9fe0792c5	cap_per_jsic
A	UNI-da3e505e31	cap_per_jsic
A	UNI-da6911ac39	cap_per_jsic
A	UNI-dac25ff8ba	cap_per_jsic
A	UNI-dad5f28019	cap_per_jsic
A	UNI-db68c81df6	cap_per_jsic
A	UNI-dbebc055de	cap_per_jsic
A	UNI-dce841fd42	cap_per_jsic
A	UNI-dd0c27cc82	cap_per_jsic
A	UNI-dd481e3171	cap_per_jsic
A	UNI-ddcbd57231	cap_per_jsic
A	UNI-de04ff9ac3	cap_per_jsic
A	UNI-de58dca020	cap_per_jsic
A	UNI-dfc509b64e	cap_per_jsic
A	UNI-dfd3adfd89	cap_per_jsic
A	UNI-e0045875e3	cap_per_jsic
A	UNI-e0cbcda4db	cap_per_jsic
A	UNI-e0dfb091ab	cap_per_jsic
A	UNI-e11d7e4cfd	cap_per_jsic
A	UNI-e20baf8d92	cap_per_jsic
A	UNI-e2267222a4	cap_per_jsic
A	UNI-e2cfdd6b6b	cap_per_jsic
A	UNI-e316b012e6	cap_per_jsic
A	UNI-e33410de12	cap_per_jsic
A	UNI-e3e66a23bd	cap_per_jsic
A	UNI-e4830e3908	cap_per_jsic
A	UNI-e4e0635998	cap_per_jsic
A	UNI-e5a2145ec5	cap_per_jsic
A	UNI-e5bd1aef49	cap_per_jsic
A	UNI-e5d6f6b03d	cap_per_jsic
A	UNI-e74499f133	cap_per_jsic
A	UNI-e7c1191798	cap_per_jsic
A	UNI-e7db92b7c5	cap_per_jsic
A	UNI-e8e2cbeccf	cap_per_jsic
A	UNI-e943327831	cap_per_jsic
A	UNI-ea021c2621	cap_per_jsic
A	UNI-ea16f41bf9	cap_per_jsic
A	UNI-eab0511879	cap_per_jsic
A	UNI-ead2902d12	cap_per_jsic
A	UNI-eb0b04180b	cap_per_jsic
A	UNI-eb338794d1	cap_per_jsic
A	UNI-eb7a9bb652	cap_per_jsic
A	UNI-eb7ac37c0c	cap_per_jsic
A	UNI-ebd9582796	cap_per_jsic
A	UNI-ece74f2006	cap_per_jsic
A	UNI-ed44347d9f	cap_per_jsic
A	UNI-ed55e0d814	cap_per_jsic
A	UNI-edfa0e3e65	cap_per_jsic
A	UNI-ee09beea93	cap_per_jsic
A	UNI-eec5279490	cap_per_jsic
A	UNI-eef7867248	cap_per_jsic
A	UNI-ef57bc8854	cap_per_jsic
A	UNI-ef6f0a5dfb	cap_per_jsic
A	UNI-efe5107160	cap_per_jsic
A	UNI-efe60e8687	cap_per_jsic
A	UNI-efef366b9e	cap_per_jsic
A	UNI-eff07d9462	cap_per_jsic
A	UNI-eff31bc197	cap_per_jsic
A	UNI-ext-07505e2d15	cap_per_jsic
A	UNI-ext-0b165d4931	cap_per_jsic
A	UNI-ext-2a8a3b10db	cap_per_jsic
A	UNI-ext-3a2330cee9	cap_per_jsic
A	UNI-ext-4f081e5425	cap_per_jsic
A	UNI-ext-7ac98cc4f4	cap_per_jsic
A	UNI-ext-a0ce3732cd	cap_per_jsic
A	UNI-ext-b4d09a1ec2	cap_per_jsic
A	UNI-ext-ca893ced3b	cap_per_jsic
A	UNI-ext-cc776f2a78	cap_per_jsic
A	UNI-ext-dec169339b	cap_per_jsic
A	UNI-f0f90c7572	cap_per_jsic
A	UNI-f0fedc3318	cap_per_jsic
A	UNI-f10a564771	cap_per_jsic
A	UNI-f1b0fa5254	cap_per_jsic
A	UNI-f1d53fa7f4	cap_per_jsic
A	UNI-f1f3b9a424	cap_per_jsic
A	UNI-f215c764ca	cap_per_jsic
A	UNI-f28979e1d1	cap_per_jsic
A	UNI-f31e255545	cap_per_jsic
A	UNI-f32bdad141	cap_per_jsic
A	UNI-f3d6b43db4	cap_per_jsic
A	UNI-f3ebe56692	cap_per_jsic
A	UNI-f419eb3f24	cap_per_jsic
A	UNI-f46b72876f	cap_per_jsic
A	UNI-f4b73a20e4	cap_per_jsic
A	UNI-f5096c945c	cap_per_jsic
A	UNI-f5a2279487	cap_per_jsic
A	UNI-f5b3ab8d3b	cap_per_jsic
A	UNI-f5ec5ba25a	cap_per_jsic
A	UNI-f6253136f2	cap_per_jsic
A	UNI-f632965704	cap_per_jsic
A	UNI-f64fe3332f	cap_per_jsic
A	UNI-f6a242dc5b	cap_per_jsic
A	UNI-f6d93ada6f	cap_per_jsic
A	UNI-f80b4a8ea6	cap_per_jsic
A	UNI-f86e53e9c7	cap_per_jsic
A	UNI-f896dd1a22	cap_per_jsic
A	UNI-f8c720ea45	cap_per_jsic
A	UNI-f960fa52f0	cap_per_jsic
A	UNI-f9ce5c9e78	cap_per_jsic
A	UNI-f9ebf97671	cap_per_jsic
A	UNI-f9fa117005	cap_per_jsic
A	UNI-fa1347c2a3	cap_per_jsic
A	UNI-fa3973c27c	cap_per_jsic
A	UNI-fac0eca8ac	cap_per_jsic
A	UNI-fada0651db	cap_per_jsic
A	UNI-faf5651fba	cap_per_jsic
A	UNI-faf91035d4	cap_per_jsic
A	UNI-fb82455fb7	cap_per_jsic
A	UNI-fbd70ded05	cap_per_jsic
A	UNI-fcd048e3b0	cap_per_jsic
A	UNI-fce0a18445	cap_per_jsic
A	UNI-fd447718ac	cap_per_jsic
A	UNI-fd55c10caf	cap_per_jsic
A	UNI-fd5b5bd7b4	cap_per_jsic
A	UNI-fd7cb46a60	cap_per_jsic
A	UNI-fdb9f3cfb5	cap_per_jsic
A	UNI-fdecf1fc0e	cap_per_jsic
A	UNI-fdf4802a3d	cap_per_jsic
A	UNI-fe6ef58fd4	cap_per_jsic
A	UNI-fe71faac76	cap_per_jsic
A	UNI-ff0343f62f	cap_per_jsic
A	UNI-ff1592a835	cap_per_jsic
A	UNI-ff19dee9f4	cap_per_jsic
A	UNI-ffc45fb5dd	cap_per_jsic
A	UNI-fffe95410f	cap_per_jsic
L	UNI-ext-3ed6f18d39	cap_per_jsic
L	UNI-ext-41819624de	cap_per_jsic
L	UNI-ext-41dd1b452b	cap_per_jsic
L	UNI-ext-42645d66fa	cap_per_jsic
L	UNI-ext-4a653fd232	cap_per_jsic
L	UNI-ext-4d580f9455	cap_per_jsic
L	UNI-ext-4f9bd5d3bd	cap_per_jsic
L	UNI-ext-53c81b8789	cap_per_jsic
L	UNI-ext-55135ebbef	cap_per_jsic
L	UNI-ext-55d2078410	cap_per_jsic
L	UNI-ext-60f8b4fc50	cap_per_jsic
L	UNI-ext-6337a1672e	cap_per_jsic
L	UNI-ext-64be29075d	cap_per_jsic
L	UNI-ext-69e13ecf95	cap_per_jsic
L	UNI-ext-6ab3fe0420	cap_per_jsic
L	UNI-ext-6b56491466	cap_per_jsic
L	UNI-ext-6c6de2fdbf	cap_per_jsic
L	UNI-ext-6e2630a223	cap_per_jsic
L	UNI-ext-7661ed674f	cap_per_jsic
L	UNI-ext-7724fbcba0	cap_per_jsic
L	UNI-ext-790759644f	cap_per_jsic
L	UNI-ext-793b3a172b	cap_per_jsic
L	UNI-ext-79c757987d	cap_per_jsic
L	UNI-ext-9376b0d2b2	cap_per_jsic
L	UNI-ext-938a514a7c	cap_per_jsic
L	UNI-ext-95783eec7c	cap_per_jsic
L	UNI-ext-96489e466c	cap_per_jsic
L	UNI-ext-99e88ee433	cap_per_jsic
L	UNI-ext-9b25b9526a	cap_per_jsic
L	UNI-ext-9c3bff3471	cap_per_jsic
L	UNI-ext-9c91dec0c7	cap_per_jsic
L	UNI-ext-9caeb65de1	cap_per_jsic
L	UNI-ext-9f5b01ea24	cap_per_jsic
L	UNI-ext-a0ce3732cd	cap_per_jsic
L	UNI-ext-a5f60af05c	cap_per_jsic
L	UNI-ext-a659ae422f	cap_per_jsic
L	UNI-ext-ad161a4214	cap_per_jsic
L	UNI-ext-afa5157311	cap_per_jsic
L	UNI-ext-b1f91d227b	cap_per_jsic
L	UNI-ext-b4d09a1ec2	cap_per_jsic
L	UNI-ext-b9087e39fe	cap_per_jsic
L	UNI-ext-bbf2954812	cap_per_jsic
L	UNI-ext-bc0bb923b4	cap_per_jsic
L	UNI-ext-c0e5cb21f7	cap_per_jsic
L	UNI-ext-c0f9523527	cap_per_jsic
L	UNI-ext-c4caef8177	cap_per_jsic
L	UNI-ext-c5a9aa7964	cap_per_jsic
L	UNI-ext-cc20c0e44c	cap_per_jsic
L	UNI-ext-ccb9ed3eba	cap_per_jsic
L	UNI-ext-ce9171a2c0	cap_per_jsic
L	UNI-ext-d6654b4bcf	cap_per_jsic
L	UNI-ext-d97d623272	cap_per_jsic
L	UNI-ext-d9fedbb57d	cap_per_jsic
L	UNI-ext-dc2cd8f4b8	cap_per_jsic
L	UNI-ext-e4526cd64c	cap_per_jsic
L	UNI-ext-e4cb6837cc	cap_per_jsic
L	UNI-ext-e8d93bb3e3	cap_per_jsic
L	UNI-ext-ea61e1d392	cap_per_jsic
L	UNI-ext-ee3109b769	cap_per_jsic
L	UNI-ext-f2ca6f3904	cap_per_jsic
L	UNI-ext-f45d013c3e	cap_per_jsic
L	UNI-ext-f47e6caa46	cap_per_jsic
L	UNI-ext-f7b7dd3b5e	cap_per_jsic
L	UNI-ext-fc019f629e	cap_per_jsic
L	UNI-ext-ff3b764b15	cap_per_jsic
L	UNI-4ac946e7af	cap_per_jsic
L	UNI-f4849ae919	cap_per_jsic
L	UNI-52a8dad41f	cap_per_jsic
L	UNI-16869445cd	cap_per_jsic
L	UNI-27e7cd49c0	cap_per_jsic
L	UNI-393646f124	cap_per_jsic
L	UNI-3efd2bf88b	cap_per_jsic
L	UNI-5319beef9a	cap_per_jsic
L	UNI-5a20950298	cap_per_jsic
L	UNI-6bd9deb38e	cap_per_jsic
L	UNI-72e2443468	cap_per_jsic
L	UNI-78015192a4	cap_per_jsic
L	UNI-7a0f8461f1	cap_per_jsic
L	UNI-89e097ce7f	cap_per_jsic
L	UNI-8c1c283c61	cap_per_jsic
L	UNI-a11208e9f9	cap_per_jsic
L	UNI-ac7b1a1ab7	cap_per_jsic
L	UNI-b523ccf8f9	cap_per_jsic
L	UNI-bc6e0f22f8	cap_per_jsic
L	UNI-cb692d7078	cap_per_jsic
L	UNI-d862c5d689	cap_per_jsic
L	UNI-de1e523259	cap_per_jsic
L	UNI-e6f4f1cdaa	cap_per_jsic
